Workbook
Name ATUAL_CARGA_TOTAL: RAMAL!$AB$12
Name ATUAL_CORRENTE_MAXIMA: RAMAL!$AB$6
Name ATUAL_DEMANDA_MAXIMA: RAMAL!$AB$8
Name ATUAL_DMDI_MEDIO: RAMAL!$AB$18
Name ATUAL_ENTRADAS_RAMAIS: RAMAL!$A$18:$U$217
Name ATUAL_FATOR_LEITURA_TRAFO: RAMAL!$AB$14
Name AUX_CLAN: DB!$C$35:$F$335
Name COEF_VA: DB!$AA$1:$AG$32
Name CONDUTORES: CABOS[]
Name CONDUTORES: CABOS[]
Name CONDUTORES: CABOS[]
Name CONDUTORES: CABOS[]
Name CONDUTORES: CABOS[]
Name CONDUTORES: CABOS[]
Name CONDUTORES: CABOS[]
Name CONDUTORES: CABOS[]
Name CONDUTORES: CABOS[]
Name CONDUTORES: CABOS[]
Name COORD: COORDENADAS!$B$2:$D$68
Name DEM_ATUAL: DB!$K$7
Name DMDI: RAMAL!$AA$30
Name fator_potencia: DB!$K$2
Name QT_MT: DB!$K$4
Name QT_MTTR: DB!$K$10
Name QT_MTTR2: DB!$K$19
Name QT_MTTR3: DB!$K$26
Name QT_TR: DB!$K$8
Name RAMA_PROJ1: #REF!
Name RAMA_PROJ2: #REF!
Name RAMAIS_ATUAL: RAMAL!$A$18:$Y$217
Name RAMAIS_PROJ1: #REF!
Name T_LINHA_MONO: DB!$M$14
Name T_LINHA_TRF: DB!$M$13
Name TAB_CLAN_DMDI: DB!$A$35:$B$416
Name TAB_MINI_CABO: PROJ1!$R$4:$S$6
Name TR_ATUAL: DB!$K$6

Sheet DB
A1: CONDUTORES | B1: (A) | C1: Resistência | D1: Reatância | E1: α | F1: DIVISOR_R | G1: TEMP_LIM | H1: DELTA_TEMP_30 | I1: K_TERM_30 | P1: I_MIN | Q1: IN_PADRAO | S1: PARAMETRO | T1: VALOR | U1: UNIDADE | W1: CONDUTOR | X1: MATERIAL | Y1: COD_CONDUTOR | AA1: CABO | AB1: V.A/m Trif | AC1: V.A/m mono | AD1: QT MAX TRIF | AE1: QT MAX MONO | AF1: EM 40m
A2: 25 Al - Arm | B2: 95 | C2: 1.5693 | D2: 0.1039 | E2: 0.00403 | F2: =1 + E2 * (G2 - 30) -> 1.2418 | G2: 90 | H2: =G2-30 -> 60 | I2: =IFERROR(B2/H2,0) -> 1.5833333 | J2: fator | K2: 0.92 | P2: =0 -> 0 | Q2: =0 -> 0 | S2: fator_potencia | T2: =K2 -> 0.92 | U2: pu | W2: =INDEX(CABOS[CONDUTORES],1) -> 25 Al - Arm | X2: =IF(ISNUMBER(FIND(" Cu",W2)),"CU",IF(ISNUMBER(FIND(" Al",W2)),"AL",IF(ISNUMBER(FIND(" AA",W2)),"AA","OUTRO"))) -> AL | Y2: =UPPER(SUBSTITUTE(SUBSTITUTE(SUBSTITUTE(SUBSTITUTE(W2," - ","_")," ","_"),"-","_"),".","")) -> 25_AL_ARM | AA2: 25 Al - Arm | AB2: =(SQRT(3)*((CABOS[[#This Row],[DIVISOR_R]]*COS(fator_potencia))+(SIN(fator_potencia)*CABOS[[#This Row],[Reatância]])))/1000 -> 0.0014462113 | AC2: =2*((CABOS[[#This Row],[DIVISOR_R]]*COS(fator_potencia))+(SIN(fator_potencia)*CABOS[[#This Row],[Reatância]]))/1000 -> 0.001669941 | AD2: =CABOS[[#This Row],[(A)]]*AB2 -> 0.13739007 | AE2: =CABOS[[#This Row],[(A)]]*AC2 -> 0.15864439 | AF2: =AD2*40 -> 5.4956029 | AG2: =AF2/220 -> 0.024980013
A3: 50 Al - Arm | B3: 150 | C3: 0.8388 | D3: 0.1039 | E3: 0.00403 | F3: =1 + E3 * (G3 - 20) -> 1.2821 | G3: 90 | H3: =G3-30 -> 60 | I3: =IFERROR(B3/H3,0) -> 2.5 | M3: TRAFO | N3: Z% | P3: =6 -> 6 | Q3: =6 -> 6 | S3: QT_MT | T3: =K4 -> 0.0183 | U3: pu | W3: =INDEX(CABOS[CONDUTORES],2) -> 50 Al - Arm | X3: =IF(ISNUMBER(FIND(" Cu",W3)),"CU",IF(ISNUMBER(FIND(" Al",W3)),"AL",IF(ISNUMBER(FIND(" AA",W3)),"AA","OUTRO"))) -> AL | Y3: =UPPER(SUBSTITUTE(SUBSTITUTE(SUBSTITUTE(SUBSTITUTE(W3," - ","_")," ","_"),"-","_"),".","")) -> 50_AL_ARM | AA3: 50 Al - Arm | AB3: =(SQRT(3)*((CABOS[[#This Row],[DIVISOR_R]]*COS(fator_potencia))+(SIN(fator_potencia)*CABOS[[#This Row],[Reatância]])))/1000 -> 0.0014884985 | AC3: =2*((CABOS[[#This Row],[DIVISOR_R]]*COS(fator_potencia))+(SIN(fator_potencia)*CABOS[[#This Row],[Reatância]]))/1000 -> 0.0017187701 | AD3: =CABOS[[#This Row],[(A)]]*AB3 -> 0.22327478 | AE3: =CABOS[[#This Row],[(A)]]*AC3 -> 0.25781551 | AF3: =AD3*40 -> 8.9309912 | AG3: =AF3/220 -> 0.040595415
A4: 95 Al - Arm | B4: 237 | C4: 0.4197 | D4: 0.098 | E4: 0.00403 | F4: =1 + E4 * (G4 - 20) -> 1.2821 | G4: 90 | H4: =G4-30 -> 60 | I4: =IFERROR(B4/H4,0) -> 3.95 | J4: QT_MT | K4: 0.0183 | M4: 30 | N4: 0.035 | P4: =10 -> 10 | Q4: =10 -> 10 | S4: TR_ATUAL | T4: =K6 -> 150 | U4: kVA | W4: =INDEX(CABOS[CONDUTORES],3) -> 95 Al - Arm | X4: =IF(ISNUMBER(FIND(" Cu",W4)),"CU",IF(ISNUMBER(FIND(" Al",W4)),"AL",IF(ISNUMBER(FIND(" AA",W4)),"AA","OUTRO"))) -> AL | Y4: =UPPER(SUBSTITUTE(SUBSTITUTE(SUBSTITUTE(SUBSTITUTE(W4," - ","_")," ","_"),"-","_"),".","")) -> 95_AL_ARM | AA4: 95 Al - Arm | AB4: =(SQRT(3)*((CABOS[[#This Row],[DIVISOR_R]]*COS(fator_potencia))+(SIN(fator_potencia)*CABOS[[#This Row],[Reatância]])))/1000 -> 0.0014803682 | AC4: =2*((CABOS[[#This Row],[DIVISOR_R]]*COS(fator_potencia))+(SIN(fator_potencia)*CABOS[[#This Row],[Reatância]]))/1000 -> 0.001709382 | AD4: =CABOS[[#This Row],[(A)]]*AB4 -> 0.35084726 | AE4: =CABOS[[#This Row],[(A)]]*AC4 -> 0.40512353 | AF4: =AD4*40 -> 14.033891 | AG4: =AF4/220 -> 0.063790412
A5: 150 Al - Arm | B5: 300 | C5: 0.266 | D5: 0.096 | E5: 0.00403 | F5: =1 + E5 * (G5 - 20) -> 1.2821 | G5: 90 | H5: =G5-30 -> 60 | I5: =IFERROR(B5/H5,0) -> 5 | M5: 45 | N5: 0.035 | P5: =16 -> 16 | Q5: =16 -> 16 | S5: DEM_ATUAL | T5: =K7 -> 127.70729 | U5: kVA | W5: =INDEX(CABOS[CONDUTORES],4) -> 150 Al - Arm | X5: =IF(ISNUMBER(FIND(" Cu",W5)),"CU",IF(ISNUMBER(FIND(" Al",W5)),"AL",IF(ISNUMBER(FIND(" AA",W5)),"AA","OUTRO"))) -> AL | Y5: =UPPER(SUBSTITUTE(SUBSTITUTE(SUBSTITUTE(SUBSTITUTE(W5," - ","_")," ","_"),"-","_"),".","")) -> 150_AL_ARM | AA5: 150 Al - Arm | AB5: =(SQRT(3)*((CABOS[[#This Row],[DIVISOR_R]]*COS(fator_potencia))+(SIN(fator_potencia)*CABOS[[#This Row],[Reatância]])))/1000 -> 0.0014776122 | AC5: =2*((CABOS[[#This Row],[DIVISOR_R]]*COS(fator_potencia))+(SIN(fator_potencia)*CABOS[[#This Row],[Reatância]]))/1000 -> 0.0017061996 | AD5: =CABOS[[#This Row],[(A)]]*AB5 -> 0.44328365 | AE5: =CABOS[[#This Row],[(A)]]*AC5 -> 0.51185987 | AF5: =AD5*40 -> 17.731346 | AG5: =AF5/220 -> 0.080597027
A6: 240 Al - Arm | B6: 395 | C6: 0.1665 | D6: 0.0858 | E6: 0.00403 | F6: =1 + E6 * (G6 - 20) -> 1.2821 | G6: 90 | H6: =G6-30 -> 60 | I6: =IFERROR(B6/H6,0) -> 6.5833333 | J6: TR_ATUAL | K6: =PROJ1!P3 -> 150 | M6: 75 | N6: 0.035 | P6: =20 -> 20 | Q6: =20 -> 20 | S6: QT_TR | T6: =K8 -> 0.029798369 | U6: pu | W6: =INDEX(CABOS[CONDUTORES],5) -> 240 Al - Arm | X6: =IF(ISNUMBER(FIND(" Cu",W6)),"CU",IF(ISNUMBER(FIND(" Al",W6)),"AL",IF(ISNUMBER(FIND(" AA",W6)),"AA","OUTRO"))) -> AL | Y6: =UPPER(SUBSTITUTE(SUBSTITUTE(SUBSTITUTE(SUBSTITUTE(W6," - ","_")," ","_"),"-","_"),".","")) -> 240_AL_ARM | AA6: 240 Al - Arm | AB6: =(SQRT(3)*((CABOS[[#This Row],[DIVISOR_R]]*COS(fator_potencia))+(SIN(fator_potencia)*CABOS[[#This Row],[Reatância]])))/1000 -> 0.0014635563 | AC6: =2*((CABOS[[#This Row],[DIVISOR_R]]*COS(fator_potencia))+(SIN(fator_potencia)*CABOS[[#This Row],[Reatância]]))/1000 -> 0.0016899693 | AD6: =CABOS[[#This Row],[(A)]]*AB6 -> 0.57810475 | AE6: =CABOS[[#This Row],[(A)]]*AC6 -> 0.66753787 | AF6: =AD6*40 -> 23.12419 | AG6: =AF6/220 -> 0.10510995
A7: 25 Al | B7: 90 | C7: 1.5693 | D7: 0.109 | E7: 0.00403 | F7: =1 + E7 * (G7 - 20) -> 1.2821 | G7: 90 | H7: =G7-30 -> 60 | I7: =IFERROR(B7/H7,0) -> 1.5 | J7: DEM_ATUAL | K7: =PROJ1!J9 -> 127.70729 | M7: 112.5 | N7: 0.035 | P7: =25 -> 25 | Q7: =25 -> 25 | S7: QT_MTTR | T7: =K10 -> 0.048098369 | U7: pu | W7: =INDEX(CABOS[CONDUTORES],6) -> 25 Al | X7: =IF(ISNUMBER(FIND(" Cu",W7)),"CU",IF(ISNUMBER(FIND(" Al",W7)),"AL",IF(ISNUMBER(FIND(" AA",W7)),"AA","OUTRO"))) -> AL | Y7: =UPPER(SUBSTITUTE(SUBSTITUTE(SUBSTITUTE(SUBSTITUTE(W7," - ","_")," ","_"),"-","_"),".","")) -> 25_AL | AA7: 25 Al | AB7: =(SQRT(3)*((CABOS[[#This Row],[DIVISOR_R]]*COS(fator_potencia))+(SIN(fator_potencia)*CABOS[[#This Row],[Reatância]])))/1000 -> 0.0014955265 | AC7: =2*((CABOS[[#This Row],[DIVISOR_R]]*COS(fator_potencia))+(SIN(fator_potencia)*CABOS[[#This Row],[Reatância]]))/1000 -> 0.0017268852 | AD7: =CABOS[[#This Row],[(A)]]*AB7 -> 0.13459738 | AE7: =CABOS[[#This Row],[(A)]]*AC7 -> 0.15541967 | AF7: =AD7*40 -> 5.3838952 | AG7: =AF7/220 -> 0.024472251
A8: 35 Cu | B8: 140 | C8: 0.6887 | D8: 0.1048 | E8: 0.00393 | F8: =1 + E8 * (G8 - 20) -> 1.2751 | G8: 90 | H8: =G8-30 -> 60 | I8: =IFERROR(B8/H8,0) -> 2.3333333 | J8: QT_TR | K8: =(DEM_ATUAL/TR_ATUAL)*VLOOKUP(TR_ATUAL,TRAFOS_Z[],2,0) -> 0.029798369 | M8: 150 | N8: 0.035 | P8: =32 -> 32 | Q8: =32 -> 32 | W8: =INDEX(CABOS[CONDUTORES],7) -> 35 Cu | X8: =IF(ISNUMBER(FIND(" Cu",W8)),"CU",IF(ISNUMBER(FIND(" Al",W8)),"AL",IF(ISNUMBER(FIND(" AA",W8)),"AA","OUTRO"))) -> CU | Y8: =UPPER(SUBSTITUTE(SUBSTITUTE(SUBSTITUTE(SUBSTITUTE(W8," - ","_")," ","_"),"-","_"),".","")) -> 35_CU | AA8: 35 Cu | AB8: =(SQRT(3)*((CABOS[[#This Row],[DIVISOR_R]]*COS(fator_potencia))+(SIN(fator_potencia)*CABOS[[#This Row],[Reatância]])))/1000 -> 0.0014823936 | AC8: =2*((CABOS[[#This Row],[DIVISOR_R]]*COS(fator_potencia))+(SIN(fator_potencia)*CABOS[[#This Row],[Reatância]]))/1000 -> 0.0017117207 | AD8: =CABOS[[#This Row],[(A)]]*AB8 -> 0.2075351 | AE8: =CABOS[[#This Row],[(A)]]*AC8 -> 0.23964089 | AF8: =AD8*40 -> 8.301404 | AG8: =AF8/220 -> 0.037733655
A9: 70 Cu | B9: 240 | C9: 0.3523 | D9: 0.1024 | E9: 0.00393 | F9: =1 + E9 * (G9 - 20) -> 1.2751 | G9: 90 | H9: =G9-30 -> 60 | I9: =IFERROR(B9/H9,0) -> 4 | M9: 225 | N9: 0.035 | P9: =40 -> 40 | Q9: =40 -> 40 | W9: =INDEX(CABOS[CONDUTORES],8) -> 70 Cu | X9: =IF(ISNUMBER(FIND(" Cu",W9)),"CU",IF(ISNUMBER(FIND(" Al",W9)),"AL",IF(ISNUMBER(FIND(" AA",W9)),"AA","OUTRO"))) -> CU | Y9: =UPPER(SUBSTITUTE(SUBSTITUTE(SUBSTITUTE(SUBSTITUTE(W9," - ","_")," ","_"),"-","_"),".","")) -> 70_CU | AA9: 70 Cu | AB9: =(SQRT(3)*((CABOS[[#This Row],[DIVISOR_R]]*COS(fator_potencia))+(SIN(fator_potencia)*CABOS[[#This Row],[Reatância]])))/1000 -> 0.0014790863 | AC9: =2*((CABOS[[#This Row],[DIVISOR_R]]*COS(fator_potencia))+(SIN(fator_potencia)*CABOS[[#This Row],[Reatância]]))/1000 -> 0.0017079018 | AD9: =CABOS[[#This Row],[(A)]]*AB9 -> 0.35498072 | AE9: =CABOS[[#This Row],[(A)]]*AC9 -> 0.40989643 | AF9: =AD9*40 -> 14.199229 | AG9: =AF9/220 -> 0.064541949
A10: 95 Al | B10: 225 | C10: 0.4195 | D10: 0.0958 | E10: 0.00403 | F10: =1 + E10 * (G10 - 20) -> 1.2821 | G10: 90 | H10: =G10-30 -> 60 | I10: =IFERROR(B10/H10,0) -> 3.75 | J10: QT_MTTR | K10: =QT_MT+QT_TR -> 0.048098369 | M10: 300 | N10: 0.035 | P10: =50 -> 50 | Q10: =50 -> 50 | W10: =INDEX(CABOS[CONDUTORES],9) -> 95 Al | X10: =IF(ISNUMBER(FIND(" Cu",W10)),"CU",IF(ISNUMBER(FIND(" Al",W10)),"AL",IF(ISNUMBER(FIND(" AA",W10)),"AA","OUTRO"))) -> AL | Y10: =UPPER(SUBSTITUTE(SUBSTITUTE(SUBSTITUTE(SUBSTITUTE(W10," - ","_")," ","_"),"-","_"),".","")) -> 95_AL | AA10: 95 Al | AB10: =(SQRT(3)*((CABOS[[#This Row],[DIVISOR_R]]*COS(fator_potencia))+(SIN(fator_potencia)*CABOS[[#This Row],[Reatância]])))/1000 -> 0.0014773366 | AC10: =2*((CABOS[[#This Row],[DIVISOR_R]]*COS(fator_potencia))+(SIN(fator_potencia)*CABOS[[#This Row],[Reatância]]))/1000 -> 0.0017058813 | AD10: =CABOS[[#This Row],[(A)]]*AB10 -> 0.33240072 | AE10: =CABOS[[#This Row],[(A)]]*AC10 -> 0.3838233 | AF10: =AD10*40 -> 13.296029 | AG10: =AF10/220 -> 0.060436495
A11: 120 Cu | B11: 340 | C11: 0.2023 | D11: 0.0971 | E11: 0.00393 | F11: =1 + E11 * (G11 - 20) -> 1.2751 | G11: 90 | H11: =G11-30 -> 60 | I11: =IFERROR(B11/H11,0) -> 5.6666667 | P11: =63 -> 63 | Q11: =63 -> 63 | W11: =INDEX(CABOS[CONDUTORES],10) -> 120 Cu | X11: =IF(ISNUMBER(FIND(" Cu",W11)),"CU",IF(ISNUMBER(FIND(" Al",W11)),"AL",IF(ISNUMBER(FIND(" AA",W11)),"AA","OUTRO"))) -> CU | Y11: =UPPER(SUBSTITUTE(SUBSTITUTE(SUBSTITUTE(SUBSTITUTE(W11," - ","_")," ","_"),"-","_"),".","")) -> 120_CU | AA11: 120 Cu | AB11: =(SQRT(3)*((CABOS[[#This Row],[DIVISOR_R]]*COS(fator_potencia))+(SIN(fator_potencia)*CABOS[[#This Row],[Reatância]])))/1000 -> 0.0014717828 | AC11: =2*((CABOS[[#This Row],[DIVISOR_R]]*COS(fator_potencia))+(SIN(fator_potencia)*CABOS[[#This Row],[Reatância]]))/1000 -> 0.0016994684 | AD11: =CABOS[[#This Row],[(A)]]*AB11 -> 0.50040615 | AE11: =CABOS[[#This Row],[(A)]]*AC11 -> 0.57781926 | AF11: =AD11*40 -> 20.016246 | AG11: =AF11/220 -> 0.090982937
A12: 240 Al | B12: 476 | C12: 0.1663 | D12: 0.0897 | E12: 0.00403 | F12: =1 + E12 * (G12 - 20) -> 1.2821 | G12: 90 | H12: =G12-30 -> 60 | I12: =IFERROR(B12/H12,0) -> 7.9333333 | P12: =80 -> 80 | Q12: =80 -> 80 | W12: =INDEX(CABOS[CONDUTORES],11) -> 240 Al | X12: =IF(ISNUMBER(FIND(" Cu",W12)),"CU",IF(ISNUMBER(FIND(" Al",W12)),"AL",IF(ISNUMBER(FIND(" AA",W12)),"AA","OUTRO"))) -> AL | Y12: =UPPER(SUBSTITUTE(SUBSTITUTE(SUBSTITUTE(SUBSTITUTE(W12," - ","_")," ","_"),"-","_"),".","")) -> 240_AL | AA12: 240 Al | AB12: =(SQRT(3)*((CABOS[[#This Row],[DIVISOR_R]]*COS(fator_potencia))+(SIN(fator_potencia)*CABOS[[#This Row],[Reatância]])))/1000 -> 0.0014689306 | AC12: =2*((CABOS[[#This Row],[DIVISOR_R]]*COS(fator_potencia))+(SIN(fator_potencia)*CABOS[[#This Row],[Reatância]]))/1000 -> 0.001696175 | AD12: =CABOS[[#This Row],[(A)]]*AB12 -> 0.69921097 | AE12: =CABOS[[#This Row],[(A)]]*AC12 -> 0.80737929 | AF12: =AD12*40 -> 27.968439 | AG12: =AF12/220 -> 0.12712927
A13: 240 Cu | B13: 430 | C13: 0.1035 | D13: 0.0897 | E13: 0.00393 | F13: =1 + E13 * (G13 - 20) -> 1.2751 | G13: 90 | H13: =G13-30 -> 60 | I13: =IFERROR(B13/H13,0) -> 7.1666667 | M13: 220 | P13: =100 -> 100 | Q13: =100 -> 100 | W13: =INDEX(CABOS[CONDUTORES],12) -> 240 Cu | X13: =IF(ISNUMBER(FIND(" Cu",W13)),"CU",IF(ISNUMBER(FIND(" Al",W13)),"AL",IF(ISNUMBER(FIND(" AA",W13)),"AA","OUTRO"))) -> CU | Y13: =UPPER(SUBSTITUTE(SUBSTITUTE(SUBSTITUTE(SUBSTITUTE(W13," - ","_")," ","_"),"-","_"),".","")) -> 240_CU | AA13: 240 Cu | AB13: =(SQRT(3)*((CABOS[[#This Row],[DIVISOR_R]]*COS(fator_potencia))+(SIN(fator_potencia)*CABOS[[#This Row],[Reatância]])))/1000 -> 0.0014615854 | AC13: =2*((CABOS[[#This Row],[DIVISOR_R]]*COS(fator_potencia))+(SIN(fator_potencia)*CABOS[[#This Row],[Reatância]]))/1000 -> 0.0016876935 | AD13: =CABOS[[#This Row],[(A)]]*AB13 -> 0.62848174 | AE13: =CABOS[[#This Row],[(A)]]*AC13 -> 0.7257082 | AF13: =AD13*40 -> 25.13927 | AG13: =AF13/220 -> 0.11426941
A14: 500 Cu | B14: 700 | C14: 0.0568 | D14: 0.0849 | E14: 0.00393 | F14: =1 + E14 * (G14 - 20) -> 1.2751 | G14: 90 | H14: =G14-30 -> 60 | I14: =IFERROR(B14/H14,0) -> 11.666667 | M14: =T_LINHA_TRF/SQRT(3) -> 127.01706 | P14: =125 -> 125 | Q14: =125 -> 125 | W14: =INDEX(CABOS[CONDUTORES],13) -> 500 Cu | X14: =IF(ISNUMBER(FIND(" Cu",W14)),"CU",IF(ISNUMBER(FIND(" Al",W14)),"AL",IF(ISNUMBER(FIND(" AA",W14)),"AA","OUTRO"))) -> CU | Y14: =UPPER(SUBSTITUTE(SUBSTITUTE(SUBSTITUTE(SUBSTITUTE(W14," - ","_")," ","_"),"-","_"),".","")) -> 500_CU | AA14: 500 Cu | AB14: =(SQRT(3)*((CABOS[[#This Row],[DIVISOR_R]]*COS(fator_potencia))+(SIN(fator_potencia)*CABOS[[#This Row],[Reatância]])))/1000 -> 0.0014549709 | AC14: =2*((CABOS[[#This Row],[DIVISOR_R]]*COS(fator_potencia))+(SIN(fator_potencia)*CABOS[[#This Row],[Reatância]]))/1000 -> 0.0016800557 | AD14: =CABOS[[#This Row],[(A)]]*AB14 -> 1.0184797 | AE14: =CABOS[[#This Row],[(A)]]*AC14 -> 1.176039 | AF14: =AD14*40 -> 40.739186 | AG14: =AF14/220 -> 0.18517812
A15: 10 Cu_CONC_bi | B15: 63 | C15: 2.3801017 | D15: 0.101 | E15: 0.00393 | F15: =1 + E15 * (G15 - 20) -> 1.2751 | G15: 90 | H15: =G15-30 -> 60 | I15: =IFERROR(B15/H15,0) -> 1.05 | J15: TR_PROJ1 | K15: ='GERAL PROJ'!O3 -> 112.5 | P15: =160 -> 160 | Q15: =160 -> 160 | W15: =INDEX(CABOS[CONDUTORES],14) -> 10 Cu_CONC_bi | X15: =IF(ISNUMBER(FIND(" Cu",W15)),"CU",IF(ISNUMBER(FIND(" Al",W15)),"AL",IF(ISNUMBER(FIND(" AA",W15)),"AA","OUTRO"))) -> CU | Y15: =UPPER(SUBSTITUTE(SUBSTITUTE(SUBSTITUTE(SUBSTITUTE(W15," - ","_")," ","_"),"-","_"),".","")) -> 10_CU_CONC_BI | AA15: 10 Cu_CONC_bi | AB15: =(SQRT(3)*((CABOS[[#This Row],[DIVISOR_R]]*COS(fator_potencia))+(SIN(fator_potencia)*CABOS[[#This Row],[Reatância]])))/1000 -> 0.0014771571 | AC15: =2*((CABOS[[#This Row],[DIVISOR_R]]*COS(fator_potencia))+(SIN(fator_potencia)*CABOS[[#This Row],[Reatância]]))/1000 -> 0.0017056741 | AD15: =CABOS[[#This Row],[(A)]]*AB15 -> 0.093060897 | AE15: =CABOS[[#This Row],[(A)]]*AC15 -> 0.10745747 | AF15: =AD15*40 -> 3.7224359 | AG15: =AF15/220 -> 0.016920163
A16: 10 Cu_CONC_Tri | B16: 63 | C16: 2.3801017 | D16: 0.101 | E16: 0.00393 | F16: =1 + E16 * (G16 - 20) -> 1.2751 | G16: 90 | H16: =G16-30 -> 60 | I16: =IFERROR(B16/H16,0) -> 1.05 | J16: DEM_PROJ1 | K16: =RAMAL!AC24 | P16: =200 -> 200 | Q16: =200 -> 200 | W16: =INDEX(CABOS[CONDUTORES],15) -> 10 Cu_CONC_Tri | X16: =IF(ISNUMBER(FIND(" Cu",W16)),"CU",IF(ISNUMBER(FIND(" Al",W16)),"AL",IF(ISNUMBER(FIND(" AA",W16)),"AA","OUTRO"))) -> CU | Y16: =UPPER(SUBSTITUTE(SUBSTITUTE(SUBSTITUTE(SUBSTITUTE(W16," - ","_")," ","_"),"-","_"),".","")) -> 10_CU_CONC_TRI | AA16: 10 Cu_CONC_Tri | AB16: =(SQRT(3)*((CABOS[[#This Row],[DIVISOR_R]]*COS(fator_potencia))+(SIN(fator_potencia)*CABOS[[#This Row],[Reatância]])))/1000 -> 0.0014771571 | AC16: =2*((CABOS[[#This Row],[DIVISOR_R]]*COS(fator_potencia))+(SIN(fator_potencia)*CABOS[[#This Row],[Reatância]]))/1000 -> 0.0017056741 | AD16: =CABOS[[#This Row],[(A)]]*AB16 -> 0.093060897 | AE16: =CABOS[[#This Row],[(A)]]*AC16 -> 0.10745747 | AF16: =AD16*40 -> 3.7224359 | AG16: =AF16/220 -> 0.016920163
A17: 16 Al_CONC_bi | B17: 63 | C17: 2.4977872 | D17: 0.085 | E17: 0.00403 | F17: =1 + E17 * (G17 - 20) -> 1.2821 | G17: 90 | H17: =G17-30 -> 60 | I17: =IFERROR(B17/H17,0) -> 1.05 | J17: QT_TR | K17: =(K16/K15)*VLOOKUP(K15,TRAFOS_Z[],2,0) -> #VALUE! | P17: =250 -> 250 | Q17: =250 -> 250 | W17: =INDEX(CABOS[CONDUTORES],16) -> 16 Al_CONC_bi | X17: =IF(ISNUMBER(FIND(" Cu",W17)),"CU",IF(ISNUMBER(FIND(" Al",W17)),"AL",IF(ISNUMBER(FIND(" AA",W17)),"AA","OUTRO"))) -> AL | Y17: =UPPER(SUBSTITUTE(SUBSTITUTE(SUBSTITUTE(SUBSTITUTE(W17," - ","_")," ","_"),"-","_"),".","")) -> 16_AL_CONC_BI | AA17: 16 Al_CONC_bi | AB17: =(SQRT(3)*((CABOS[[#This Row],[DIVISOR_R]]*COS(fator_potencia))+(SIN(fator_potencia)*CABOS[[#This Row],[Reatância]])))/1000 -> 0.0014624539 | AC17: =2*((CABOS[[#This Row],[DIVISOR_R]]*COS(fator_potencia))+(SIN(fator_potencia)*CABOS[[#This Row],[Reatância]]))/1000 -> 0.0016886963 | AD17: =CABOS[[#This Row],[(A)]]*AB17 -> 0.092134597 | AE17: =CABOS[[#This Row],[(A)]]*AC17 -> 0.10638787 | AF17: =AD17*40 -> 3.6853839 | AG17: =AF17/220 -> 0.016751745
A18: 16 Al_CONC_Tri | B18: 63 | C18: 2.4977872 | D18: 0.85 | E18: 0.00403 | F18: =1 + E18 * (G18 - 20) -> 1.2821 | G18: 90 | H18: =G18-30 -> 60 | I18: =IFERROR(B18/H18,0) -> 1.05 | P18: =315 -> 315 | Q18: =315 -> 315 | W18: =INDEX(CABOS[CONDUTORES],17) -> 16 Al_CONC_Tri | X18: =IF(ISNUMBER(FIND(" Cu",W18)),"CU",IF(ISNUMBER(FIND(" Al",W18)),"AL",IF(ISNUMBER(FIND(" AA",W18)),"AA","OUTRO"))) -> AL | Y18: =UPPER(SUBSTITUTE(SUBSTITUTE(SUBSTITUTE(SUBSTITUTE(W18," - ","_")," ","_"),"-","_"),".","")) -> 16_AL_CONC_TRI | AA18: 16 Al_CONC_Tri | AB18: =(SQRT(3)*((CABOS[[#This Row],[DIVISOR_R]]*COS(fator_potencia))+(SIN(fator_potencia)*CABOS[[#This Row],[Reatância]])))/1000 -> 0.0025166411 | AC18: =2*((CABOS[[#This Row],[DIVISOR_R]]*COS(fator_potencia))+(SIN(fator_potencia)*CABOS[[#This Row],[Reatância]]))/1000 -> 0.0029059668 | AD18: =CABOS[[#This Row],[(A)]]*AB18 -> 0.15854839 | AE18: =CABOS[[#This Row],[(A)]]*AC18 -> 0.18307591 | AF18: =AD18*40 -> 6.3419355 | AG18: =AF18/220 -> 0.02882698
A19: 13 Al - DX | B19: 63 | C19: 2.6655 | D19: 0.1022 | E19: 0.00403 | F19: =1 + E19 * (G19 - 20) -> 1.2015 | G19: 70 | H19: =G19-30 -> 40 | I19: =IFERROR(B19/H19,0) -> 1.575 | J19: QT_MTTR2 | K19: =QT_MT+K17 -> #VALUE! | P19: =400 -> 400 | Q19: =400 -> 400 | W19: =INDEX(CABOS[CONDUTORES],18) -> 13 Al - DX | X19: =IF(ISNUMBER(FIND(" Cu",W19)),"CU",IF(ISNUMBER(FIND(" Al",W19)),"AL",IF(ISNUMBER(FIND(" AA",W19)),"AA","OUTRO"))) -> AL | Y19: =UPPER(SUBSTITUTE(SUBSTITUTE(SUBSTITUTE(SUBSTITUTE(W19," - ","_")," ","_"),"-","_"),".","")) -> 13_AL_DX | AA19: 13 Al - DX | AB19: =(SQRT(3)*((CABOS[[#This Row],[DIVISOR_R]]*COS(fator_potencia))+(SIN(fator_potencia)*CABOS[[#This Row],[Reatância]])))/1000 -> 0.0014015814 | AC19: =2*((CABOS[[#This Row],[DIVISOR_R]]*COS(fator_potencia))+(SIN(fator_potencia)*CABOS[[#This Row],[Reatância]]))/1000 -> 0.0016184068 | AD19: =CABOS[[#This Row],[(A)]]*AB19 -> 0.088299629 | AE19: =CABOS[[#This Row],[(A)]]*AC19 -> 0.10195963 | AF19: =AD19*40 -> 3.5319852 | AG19: =AF19/220 -> 0.016054478
A20: 13 Al - TX | B20: 63 | C20: 2.6655 | D20: 0.1158 | E20: 0.00403 | F20: =1 + E20 * (G20 - 20) -> 1.2015 | G20: 70 | H20: =G20-30 -> 40 | I20: =IFERROR(B20/H20,0) -> 1.575 | P20: =500 -> 500 | Q20: =500 -> 500 | W20: =INDEX(CABOS[CONDUTORES],19) -> 13 Al - TX | X20: =IF(ISNUMBER(FIND(" Cu",W20)),"CU",IF(ISNUMBER(FIND(" Al",W20)),"AL",IF(ISNUMBER(FIND(" AA",W20)),"AA","OUTRO"))) -> AL | Y20: =UPPER(SUBSTITUTE(SUBSTITUTE(SUBSTITUTE(SUBSTITUTE(W20," - ","_")," ","_"),"-","_"),".","")) -> 13_AL_TX | AA20: 13 Al - TX | AB20: =(SQRT(3)*((CABOS[[#This Row],[DIVISOR_R]]*COS(fator_potencia))+(SIN(fator_potencia)*CABOS[[#This Row],[Reatância]])))/1000 -> 0.0014203225 | AC20: =2*((CABOS[[#This Row],[DIVISOR_R]]*COS(fator_potencia))+(SIN(fator_potencia)*CABOS[[#This Row],[Reatância]]))/1000 -> 0.0016400472 | AD20: =CABOS[[#This Row],[(A)]]*AB20 -> 0.089480318 | AE20: =CABOS[[#This Row],[(A)]]*AC20 -> 0.10332297 | AF20: =AD20*40 -> 3.5792127 | AG20: =AF20/220 -> 0.016269149
A21: 13 Al - QX | B21: 63 | C21: 2.6655 | D21: 0.1384 | E21: 0.00403 | F21: =1 + E21 * (G21 - 20) -> 1.2015 | G21: 70 | H21: =G21-30 -> 40 | I21: =IFERROR(B21/H21,0) -> 1.575 | P21: =630 -> 630 | Q21: =630 -> 630 | W21: =INDEX(CABOS[CONDUTORES],20) -> 13 Al - QX | X21: =IF(ISNUMBER(FIND(" Cu",W21)),"CU",IF(ISNUMBER(FIND(" Al",W21)),"AL",IF(ISNUMBER(FIND(" AA",W21)),"AA","OUTRO"))) -> AL | Y21: =UPPER(SUBSTITUTE(SUBSTITUTE(SUBSTITUTE(SUBSTITUTE(W21," - ","_")," ","_"),"-","_"),".","")) -> 13_AL_QX | AA21: 13 Al - QX | AB21: =(SQRT(3)*((CABOS[[#This Row],[DIVISOR_R]]*COS(fator_potencia))+(SIN(fator_potencia)*CABOS[[#This Row],[Reatância]])))/1000 -> 0.0014514658 | AC21: =2*((CABOS[[#This Row],[DIVISOR_R]]*COS(fator_potencia))+(SIN(fator_potencia)*CABOS[[#This Row],[Reatância]]))/1000 -> 0.0016760084 | AD21: =CABOS[[#This Row],[(A)]]*AB21 -> 0.091442347 | AE21: =CABOS[[#This Row],[(A)]]*AC21 -> 0.10558853 | AF21: =AD21*40 -> 3.6576939 | AG21: =AF21/220 -> 0.016625881
A22: 21 Al - QX | B22: 63 | C22: 1.677 | D22: 0.135 | E22: 0.00403 | F22: =1 + E22 * (G22 - 20) -> 1.2015 | G22: 70 | H22: =G22-30 -> 40 | I22: =IFERROR(B22/H22,0) -> 1.575 | J22: TR_PROJ2 | K22: ='GERAL PROJ2'!O3 -> 112.5 | W22: =INDEX(CABOS[CONDUTORES],21) -> 21 Al - QX | X22: =IF(ISNUMBER(FIND(" Cu",W22)),"CU",IF(ISNUMBER(FIND(" Al",W22)),"AL",IF(ISNUMBER(FIND(" AA",W22)),"AA","OUTRO"))) -> AL | Y22: =UPPER(SUBSTITUTE(SUBSTITUTE(SUBSTITUTE(SUBSTITUTE(W22," - ","_")," ","_"),"-","_"),".","")) -> 21_AL_QX | AA22: 21 Al - QX | AB22: =(SQRT(3)*((CABOS[[#This Row],[DIVISOR_R]]*COS(fator_potencia))+(SIN(fator_potencia)*CABOS[[#This Row],[Reatância]])))/1000 -> 0.0014467805 | AC22: =2*((CABOS[[#This Row],[DIVISOR_R]]*COS(fator_potencia))+(SIN(fator_potencia)*CABOS[[#This Row],[Reatância]]))/1000 -> 0.0016705983 | AD22: =CABOS[[#This Row],[(A)]]*AB22 -> 0.091147174 | AE22: =CABOS[[#This Row],[(A)]]*AC22 -> 0.10524769 | AF22: =AD22*40 -> 3.645887 | AG22: =AF22/220 -> 0.016572214
A23: 53 Al - QX | B23: 63 | C23: 0.6641 | D23: 0.1311 | E23: 0.00403 | F23: =1 + E23 * (G23 - 20) -> 1.2015 | G23: 70 | H23: =G23-30 -> 40 | I23: =IFERROR(B23/H23,0) -> 1.575 | J23: DEM_PROJ2 | K23: =RAMAL!AE24 | W23: =INDEX(CABOS[CONDUTORES],22) -> 53 Al - QX | X23: =IF(ISNUMBER(FIND(" Cu",W23)),"CU",IF(ISNUMBER(FIND(" Al",W23)),"AL",IF(ISNUMBER(FIND(" AA",W23)),"AA","OUTRO"))) -> AL | Y23: =UPPER(SUBSTITUTE(SUBSTITUTE(SUBSTITUTE(SUBSTITUTE(W23," - ","_")," ","_"),"-","_"),".","")) -> 53_AL_QX | AA23: 53 Al - QX | AB23: =(SQRT(3)*((CABOS[[#This Row],[DIVISOR_R]]*COS(fator_potencia))+(SIN(fator_potencia)*CABOS[[#This Row],[Reatância]])))/1000 -> 0.0014414063 | AC23: =2*((CABOS[[#This Row],[DIVISOR_R]]*COS(fator_potencia))+(SIN(fator_potencia)*CABOS[[#This Row],[Reatância]]))/1000 -> 0.0016643926 | AD23: =CABOS[[#This Row],[(A)]]*AB23 -> 0.090808594 | AE23: =CABOS[[#This Row],[(A)]]*AC23 -> 0.10485673 | AF23: =AD23*40 -> 3.6323438 | AG23: =AF23/220 -> 0.016510653
A24: 53 AA | B24: 163 | C24: 0.6641 | D24: 0.1311 | E24: 0.00403 | F24: =1 + E24 * (G24 - 20) -> 1.2821 | G24: 90 | H24: =G24-30 -> 60 | I24: =IFERROR(B24/H24,0) -> 2.7166667 | J24: QT_TR | K24: =(K23/K22)*VLOOKUP(K22,TRAFOS_Z[],2,0) -> #VALUE! | W24: =INDEX(CABOS[CONDUTORES],23) -> 53 AA | X24: =IF(ISNUMBER(FIND(" Cu",W24)),"CU",IF(ISNUMBER(FIND(" Al",W24)),"AL",IF(ISNUMBER(FIND(" AA",W24)),"AA","OUTRO"))) -> AA | Y24: =UPPER(SUBSTITUTE(SUBSTITUTE(SUBSTITUTE(SUBSTITUTE(W24," - ","_")," ","_"),"-","_"),".","")) -> 53_AA | AA24: 53 AA | AB24: =(SQRT(3)*((CABOS[[#This Row],[DIVISOR_R]]*COS(fator_potencia))+(SIN(fator_potencia)*CABOS[[#This Row],[Reatância]])))/1000 -> 0.0015259807 | AC24: =2*((CABOS[[#This Row],[DIVISOR_R]]*COS(fator_potencia))+(SIN(fator_potencia)*CABOS[[#This Row],[Reatância]]))/1000 -> 0.0017620508 | AD24: =CABOS[[#This Row],[(A)]]*AB24 -> 0.24873486 | AE24: =CABOS[[#This Row],[(A)]]*AC24 -> 0.28721428 | AF24: =AD24*40 -> 9.9493945 | AG24: =AF24/220 -> 0.04522452
A25: 70 Al - MX | B25: 202 | C25: 0.5697 | D25: 0.126 | E25: 0.00403 | F25: =1 + E25 * (G25 - 20) -> 1.2821 | G25: 90 | H25: =G25-30 -> 60 | I25: =IFERROR(B25/H25,0) -> 3.3666667 | W25: =INDEX(CABOS[CONDUTORES],24) -> 70 Al - MX | X25: =IF(ISNUMBER(FIND(" Cu",W25)),"CU",IF(ISNUMBER(FIND(" Al",W25)),"AL",IF(ISNUMBER(FIND(" AA",W25)),"AA","OUTRO"))) -> AL | Y25: =UPPER(SUBSTITUTE(SUBSTITUTE(SUBSTITUTE(SUBSTITUTE(W25," - ","_")," ","_"),"-","_"),".","")) -> 70_AL_MX | AA25: 70 Al - MX | AB25: =(SQRT(3)*((CABOS[[#This Row],[DIVISOR_R]]*COS(fator_potencia))+(SIN(fator_potencia)*CABOS[[#This Row],[Reatância]])))/1000 -> 0.0015189528 | AC25: =2*((CABOS[[#This Row],[DIVISOR_R]]*COS(fator_potencia))+(SIN(fator_potencia)*CABOS[[#This Row],[Reatância]]))/1000 -> 0.0017539357 | AD25: =CABOS[[#This Row],[(A)]]*AB25 -> 0.30682847 | AE25: =CABOS[[#This Row],[(A)]]*AC25 -> 0.354295 | AF25: =AD25*40 -> 12.273139 | AG25: =AF25/220 -> 0.055786995
A26: 185 Al - MX | B26: 355 | C26: 0.2149 | D26: 0.1178 | E26: 0.00403 | F26: =1 + E26 * (G26 - 20) -> 1.2821 | G26: 90 | H26: =G26-30 -> 60 | I26: =IFERROR(B26/H26,0) -> 5.9166667 | J26: QT_MTTR3 | K26: =QT_MT+K24 -> #VALUE! | W26: =INDEX(CABOS[CONDUTORES],25) -> 185 Al - MX | X26: =IF(ISNUMBER(FIND(" Cu",W26)),"CU",IF(ISNUMBER(FIND(" Al",W26)),"AL",IF(ISNUMBER(FIND(" AA",W26)),"AA","OUTRO"))) -> AL | Y26: =UPPER(SUBSTITUTE(SUBSTITUTE(SUBSTITUTE(SUBSTITUTE(W26," - ","_")," ","_"),"-","_"),".","")) -> 185_AL_MX | AA26: 185 Al - MX | AB26: =(SQRT(3)*((CABOS[[#This Row],[DIVISOR_R]]*COS(fator_potencia))+(SIN(fator_potencia)*CABOS[[#This Row],[Reatância]])))/1000 -> 0.001507653 | AC26: =2*((CABOS[[#This Row],[DIVISOR_R]]*COS(fator_potencia))+(SIN(fator_potencia)*CABOS[[#This Row],[Reatância]]))/1000 -> 0.0017408878 | AD26: =CABOS[[#This Row],[(A)]]*AB26 -> 0.53521683 | AE26: =CABOS[[#This Row],[(A)]]*AC26 -> 0.61801516 | AF26: =AD26*40 -> 21.408673 | AG26: =AF26/220 -> 0.097312151
A27: 240 Al - MX | B27: 473 | C27: 0.163 | D27: 0.0903 | E27: 0.00403 | F27: =1 + E27 * (G27 - 20) -> 1.2821 | G27: 90 | H27: =G27-30 -> 60 | I27: =IFERROR(B27/H27,0) -> 7.8833333 | P27: km construido | Q27: cusot final | AA27: 240 Al - MX | AB27: =(SQRT(3)*((CABOS[[#This Row],[DIVISOR_R]]*COS(fator_potencia))+(SIN(fator_potencia)*CABOS[[#This Row],[Reatância]])))/1000 -> 0.0014697574 | AC27: =2*((CABOS[[#This Row],[DIVISOR_R]]*COS(fator_potencia))+(SIN(fator_potencia)*CABOS[[#This Row],[Reatância]]))/1000 -> 0.0016971297 | AD27: =CABOS[[#This Row],[(A)]]*AB27 -> 0.69519527 | AE27: =CABOS[[#This Row],[(A)]]*AC27 -> 0.80274235 | AF27: =AD27*40 -> 27.807811 | AG27: =AF27/220 -> 0.12639914
A28: 6 AWG | B28: 65 | C28: 1.3 | D28: 0.09 | E28: 0.00403 | F28: =1 + E28 * (G28 - 20) -> 1.2821 | G28: =IF(OR(A28="13 Al - DX",A28="13 Al - TX",A28="13 Al - QX",A28="21 Al - QX",A28="53 Al - QX"),70,90) -> 90 | H28: =G28-30 -> 60 | I28: =IFERROR(B28/H28,0) -> 1.0833333 | N28: Rede Com Estrutura | O28: BT | S28: CUSTO | AA28: 6 AWG | AB28: =(SQRT(3)*((CABOS[[#This Row],[DIVISOR_R]]*COS(fator_potencia))+(SIN(fator_potencia)*CABOS[[#This Row],[Reatância]])))/1000 -> 0.001469344 | AC28: =2*((CABOS[[#This Row],[DIVISOR_R]]*COS(fator_potencia))+(SIN(fator_potencia)*CABOS[[#This Row],[Reatância]]))/1000 -> 0.0016966523 | AD28: =CABOS[[#This Row],[(A)]]*AB28 -> 0.095507362 | AE28: =CABOS[[#This Row],[(A)]]*AC28 -> 0.1102824 | AF28: =AD28*40 -> 3.8202945 | AG28: =AF28/220 -> 0.017364975
A29: 2 AWG | B29: 100 | C29: 0.82 | D29: 0.085 | E29: 0.00403 | F29: =1 + E29 * (G29 - 20) -> 1.2821 | G29: =IF(OR(A29="13 Al - DX",A29="13 Al - TX",A29="13 Al - QX",A29="21 Al - QX",A29="53 Al - QX"),70,90) -> 90 | H29: =G29-30 -> 60 | I29: =IFERROR(B29/H29,0) -> 1.6666667 | N29: Cabo 53 mm² CA – Nu e PVC | O29: 56371.129 | Q29: =P29*O29 -> 0 | S29: =SUM(Q29:Q58) -> 39745.57 | AA29: 2 AWG | AB29: =(SQRT(3)*((CABOS[[#This Row],[DIVISOR_R]]*COS(fator_potencia))+(SIN(fator_potencia)*CABOS[[#This Row],[Reatância]])))/1000 -> 0.0014624539 | AC29: =2*((CABOS[[#This Row],[DIVISOR_R]]*COS(fator_potencia))+(SIN(fator_potencia)*CABOS[[#This Row],[Reatância]]))/1000 -> 0.0016886963 | AD29: =CABOS[[#This Row],[(A)]]*AB29 -> 0.14624539 | AE29: =CABOS[[#This Row],[(A)]]*AC29 -> 0.16886963 | AF29: =AD29*40 -> 5.8498157 | AG29: =AF29/220 -> 0.026590071
A30: 1/0 AWG | B30: 150 | C30: 0.52 | D30: 0.08 | E30: 0.00403 | F30: =1 + E30 * (G30 - 20) -> 1.2821 | G30: =IF(OR(A30="13 Al - DX",A30="13 Al - TX",A30="13 Al - QX",A30="21 Al - QX",A30="53 Al - QX"),70,90) -> 90 | H30: =G30-30 -> 60 | I30: =IFERROR(B30/H30,0) -> 2.5 | N30: Cabo 201 mm² CA - Nu e PVC | O30: 110481.13 | Q30: =P30*O30 -> 0 | AA30: 1/0 AWG | AB30: =(SQRT(3)*((CABOS[[#This Row],[DIVISOR_R]]*COS(fator_potencia))+(SIN(fator_potencia)*CABOS[[#This Row],[Reatância]])))/1000 -> 0.0014555638 | AC30: =2*((CABOS[[#This Row],[DIVISOR_R]]*COS(fator_potencia))+(SIN(fator_potencia)*CABOS[[#This Row],[Reatância]]))/1000 -> 0.0016807403 | AD30: =CABOS[[#This Row],[(A)]]*AB30 -> 0.21833457 | AE30: =CABOS[[#This Row],[(A)]]*AC30 -> 0.25211105 | AF30: =AD30*40 -> 8.7333828 | AG30: =AF30/220 -> 0.039697195
A31: 3/0 AWG | B31: 200 | C31: 0.33 | D31: 0.078 | E31: 0.00403 | F31: =1 + E31 * (G31 - 20) -> 1.2821 | G31: =IF(OR(A31="13 Al - DX",A31="13 Al - TX",A31="13 Al - QX",A31="21 Al - QX",A31="53 Al - QX"),70,90) -> 90 | H31: =G31-30 -> 60 | I31: =IFERROR(B31/H31,0) -> 3.3333333 | N31: Cabo 70 mm² CA MMX | O31: 68591.91 | Q31: =P31*O31 -> 0 | AA31: 3/0 AWG | AB31: =(SQRT(3)*((CABOS[[#This Row],[DIVISOR_R]]*COS(fator_potencia))+(SIN(fator_potencia)*CABOS[[#This Row],[Reatância]])))/1000 -> 0.0014528078 | AC31: =2*((CABOS[[#This Row],[DIVISOR_R]]*COS(fator_potencia))+(SIN(fator_potencia)*CABOS[[#This Row],[Reatância]]))/1000 -> 0.0016775579 | AD31: =CABOS[[#This Row],[(A)]]*AB31 -> 0.29056155 | AE31: =CABOS[[#This Row],[(A)]]*AC31 -> 0.33551158 | AF31: =AD31*40 -> 11.622462 | AG31: =AF31/220 -> 0.052829373
A32: 4/0 AWG | B32: 230 | C32: 0.26 | D32: 0.075 | E32: 0.00403 | F32: =1 + E32 * (G32 - 20) -> 1.2821 | G32: =IF(OR(A32="13 Al - DX",A32="13 Al - TX",A32="13 Al - QX",A32="21 Al - QX",A32="53 Al - QX"),70,90) -> 90 | H32: =G32-30 -> 60 | I32: =IFERROR(B32/H32,0) -> 3.8333333 | N32: Cabo 185 mm² CA MMX | O32: 94961.91 | Q32: =P32*O32 -> 0 | AA32: 4/0 AWG | AB32: =(SQRT(3)*((CABOS[[#This Row],[DIVISOR_R]]*COS(fator_potencia))+(SIN(fator_potencia)*CABOS[[#This Row],[Reatância]])))/1000 -> 0.0014486737 | AC32: =2*((CABOS[[#This Row],[DIVISOR_R]]*COS(fator_potencia))+(SIN(fator_potencia)*CABOS[[#This Row],[Reatância]]))/1000 -> 0.0016727843 | AD32: =CABOS[[#This Row],[(A)]]*AB32 -> 0.33319495 | AE32: =CABOS[[#This Row],[(A)]]*AC32 -> 0.38474039 | AF32: =AD32*40 -> 13.327798 | AG32: =AF32/220 -> 0.0605809
N33: Cabo 240 mm² CA MMX | O33: 110011.91 | Q33: =P33*O33 -> 0
A35: Área (m²) | B35: kVA | C35: QTD Clientes | D35: Fator por área | E35: Fator Diversificação | F35: Demanda (KVA) | N35: Rede Cabo Armado | Q35: =P35*O35 -> 0
A36: 20 | B36: 1.62 | C36: 1 | D36: =RAMAL!AB35 -> 1.88 | E36: 3.88 | F36: =D36*E36 -> 7.2944 | N36: Cabo armado 3X1X50 mm²+35 mm² | O36: 102973.3 | Q36: =P36*O36 -> 0
A37: 21 | B37: 1.62 | C37: 2 | D37: =D36 -> 1.88 | E37: 3.88 | F37: =D37*E37 -> 7.2944 | N37: Cabo armado 3X1X95 mm²+50 mm² | O37: 122163.3 | Q37: =P37*O37 -> 0
A38: 22 | B38: 1.62 | C38: 3 | D38: =D37 -> 1.88 | E38: 3.88 | F38: =D38*E38 -> 7.2944 | N38: Cabo armado 3X1X240 mm²+120 mm² | O38: 163793.3 | Q38: =P38*O38 -> 0
A39: 23 | B39: 1.62 | C39: 4 | D39: =D38 -> 1.88 | E39: 3.88 | F39: =D39*E39 -> 7.2944 | O39: TRAFO
A40: 24 | B40: 1.62 | C40: 5 | D40: =D39 -> 1.88 | E40: 4.84 | F40: =D40*E40 -> 9.0992 | N40: Trafo Aéreo 45 kVA – Trifásico – 25,6 kV – Convencional ( Unidade ) | O40: 15780.16 | Q40: =P40*O40 -> 0
A41: 25 | B41: 1.62 | C41: 6 | D41: =D40 -> 1.88 | E41: 5.8 | F41: =D41*E41 -> 10.904 | N41: Trafo Aéreo 15 kVA – Trifásico – 13,8 kV – Convencional ( Unidade ) | O41: 6896.47 | Q41: =P41*O41 -> 0
A42: 26 | B42: 1.62 | C42: 7 | D42: =D41 -> 1.88 | E42: 6.76 | F42: =D42*E42 -> 12.7088 | N42: Trafo Aéreo 30 kVA – Trifásico – 13,8 kV – Convencional ( Unidade ) | O42: 7397.12 | Q42: =P42*O42 -> 0
A43: 27 | B43: 1.62 | C43: 8 | D43: =D42 -> 1.88 | E43: 7.72 | F43: =D43*E43 -> 14.5136 | N43: Trafo Aéreo 45 kVA – Trifásico – 13,8 kV – Convencional ( Unidade ) | O43: 9394.25 | Q43: =P43*O43 -> 0
A44: 28 | B44: 1.62 | C44: 9 | D44: =D43 -> 1.88 | E44: 8.68 | F44: =D44*E44 -> 16.3184 | N44: Trafo Aéreo 75 kVA – Trifásico – 13,8 kV – Convencional ( Unidade ) | O44: 12790.25 | Q44: =P44*O44 -> 0
A45: 29 | B45: 1.62 | C45: 10 | D45: =D44 -> 1.88 | E45: 9.64 | F45: =D45*E45 -> 18.1232 | N45: Trafo Aéreo 112,5 kVA – Trifásico – 13,8 kV – Convencional ( Unidade ) | O45: 17258.38 | Q45: =P45*O45 -> 0
A46: 30 | B46: 1.62 | C46: 11 | D46: =D45 -> 1.88 | E46: 10.42 | F46: =D46*E46 -> 19.5896 | N46: Trafo Aéreo 150 kVA – Trifásico – 13,8 kV – Convencional ( Unidade ) | O46: 21367.86 | Q46: =P46*O46 -> 0
A47: 31 | B47: 1.62 | C47: 12 | D47: =D46 -> 1.88 | E47: 11.2 | F47: =D47*E47 -> 21.056 | N47: Trafo Aéreo 225 kVA – Trifásico – 13,8 kV – Convencional ( Unidade ) | O47: 32406.27 | Q47: =P47*O47 -> 0
A48: 32 | B48: 1.62 | C48: 13 | D48: =D47 -> 1.88 | E48: 11.98 | F48: =D48*E48 -> 22.5224 | N48: Trafo Aéreo 300 kVA – Trifásico – 13,8 kV – Convencional ( Unidade ) | O48: 39745.57 | P48: 1 | Q48: =P48*O48 -> 39745.57
A49: 33 | B49: 1.62 | C49: 14 | D49: =D48 -> 1.88 | E49: 12.76 | F49: =D49*E49 -> 23.9888 | O49: MT
A50: 34 | B50: 1.62 | C50: 15 | D50: =D49 -> 1.88 | E50: 13.54 | F50: =D50*E50 -> 25.4552 | N50: Rede Com Estrutura
A51: 35 | B51: 1.62 | C51: 16 | D51: =D50 -> 1.88 | E51: 14.32 | F51: =D51*E51 -> 26.9216 | N51: Cabo 201 mm² CA Nu | O51: 129055.26 | Q51: =P51*O51 -> 0
A52: 36 | B52: 1.62 | C52: 17 | D52: =D51 -> 1.88 | E52: 15.1 | F52: =D52*E52 -> 28.388 | N52: Cabo 95 mm² - Spacer Cable (Utilização nas ligações de GD) | O52: 138814.14 | Q52: =P52*O52 -> 0
A53: 37 | B53: 1.62 | C53: 18 | D53: =D52 -> 1.88 | E53: 15.88 | F53: =D53*E53 -> 29.8544 | N53: Cabo 201 mm² - Spacer Cable | O53: 168904.14 | Q53: =P53*O53 -> 0
A54: 38 | B54: 1.62 | C54: 19 | D54: =D53 -> 1.88 | E54: 16.66 | F54: =D54*E54 -> 31.3208 | N54: Cabo 185 mm² - PR – Blindado | O54: 317932.02 | Q54: =P54*O54 -> 0
A55: 39 | B55: 1.62 | C55: 20 | D55: =D54 -> 1.88 | E55: 17.44 | F55: =D55*E55 -> 32.7872 | Q55: =P55*O55 -> 0
A56: 40 | B56: 1.62 | C56: 21 | D56: =D55 -> 1.88 | E56: 18.05 | F56: =D56*E56 -> 33.934 | N56: Rede Sem estrutura | Q56: =P56*O56 -> 0
A57: 41 | B57: 1.62 | C57: 22 | D57: =D56 -> 1.88 | E57: 18.66 | F57: =D57*E57 -> 35.0808 | N57: Cabo 201 mm² CA Nu | O57: 82273.6 | Q57: =P57*O57 -> 0
A58: 42 | B58: 1.62 | C58: 23 | D58: =D57 -> 1.88 | E58: 19.27 | F58: =D58*E58 -> 36.2276 | N58: Cabo 201 mm² - Spacer Cable | O58: 134083 | Q58: =P58*O58 -> 0
A59: 43 | B59: 1.64 | C59: 24 | D59: =D58 -> 1.88 | E59: 19.88 | F59: =D59*E59 -> 37.3744
A60: 44 | B60: 1.68 | C60: 25 | D60: =D59 -> 1.88 | E60: 20.49 | F60: =D60*E60 -> 38.5212
A61: 45 | B61: 1.72 | C61: 26 | D61: =D60 -> 1.88 | E61: 21.1 | F61: =D61*E61 -> 39.668
A62: 46 | B62: 1.75 | C62: 27 | D62: =D61 -> 1.88 | E62: 21.71 | F62: =D62*E62 -> 40.8148
A63: 47 | B63: 1.79 | C63: 28 | D63: =D62 -> 1.88 | E63: 22.32 | F63: =D63*E63 -> 41.9616
A64: 48 | B64: 1.81 | C64: 29 | D64: =D63 -> 1.88 | E64: 22.93 | F64: =D64*E64 -> 43.1084
A65: 49 | B65: 1.85 | C65: 30 | D65: =D64 -> 1.88 | E65: 23.54 | F65: =D65*E65 -> 44.2552
A66: 50 | B66: 1.88 | C66: 31 | D66: =D65 -> 1.88 | E66: 24.14 | F66: =D66*E66 -> 45.3832
A67: 51 | B67: 1.92 | C67: 32 | D67: =D66 -> 1.88 | E67: 24.74 | F67: =D67*E67 -> 46.5112
A68: 52 | B68: 1.96 | C68: 33 | D68: =D67 -> 1.88 | E68: 25.34 | F68: =D68*E68 -> 47.6392
A69: 53 | B69: 1.99 | C69: 34 | D69: =D68 -> 1.88 | E69: 25.94 | F69: =D69*E69 -> 48.7672
A70: 54 | B70: 2.02 | C70: 35 | D70: =D69 -> 1.88 | E70: 26.54 | F70: =D70*E70 -> 49.8952
... A335: 319 | B335: 9.9 | C335: 300 | D335: =D334 -> 1.88 | E335: 83 | F335: =D335*E335 -> 156.04
A336: 320 | B336: 9.94
A337: 321 | B337: 9.96
A338: 322 | B338: 9.98
A339: 323 | B339: 10.02
A340: 324 | B340: 10.04
A341: 325 | B341: 10.07
A342: 326 | B342: 10.1
A343: 327 | B343: 10.13
A344: 328 | B344: 10.15
A345: 329 | B345: 10.18
A346: 330 | B346: 10.21
A347: 331 | B347: 10.24
... A416: 400 | B416: 12.13

Sheet COORDENADAS
B2: PONTO | C2: X / LAT / E | D2: Y / LON / N | F2: KVA CLAN | G2: DIST ENTRE COORDE | I2: POSTE | J2: X | K2: Y | L2: Z | Q2: X | R2: Y
B3: 1 | F3: =IF(Tabela13[[#This Row],[X / LAT / E]]="","",VLOOKUP(Tabela13[[#This Row],[PONTO]],RAMAIS_ATUAL,IF(PROJ1!$J$2="SIM",25,23),0)) | G3: =IFERROR(SQRT((D4-Tabela13[[#This Row],[Y / LON / N]])^2+(C4-Tabela13[[#This Row],[X / LAT / E]])^2),"") -> 0 | I3: 1 | M3: O | O3: POSTE A | P3: 25 | Q3: =VLOOKUP(P3,Tabela13[],2,0) -> 0 | R3: =VLOOKUP(P3,Tabela13[],3,0) -> 0
B4: 2 | F4: =IF(Tabela13[[#This Row],[X / LAT / E]]="","",VLOOKUP(Tabela13[[#This Row],[PONTO]],RAMAIS_ATUAL,IF(PROJ1!$J$2="SIM",25,23),0)) | G4: =SQRT((D5-Tabela13[[#This Row],[Y / LON / N]])^2+(C5-Tabela13[[#This Row],[X / LAT / E]])^2) -> 0 | I4: 2 | M4: O | O4: POSTE B | P4: 24 | Q4: =VLOOKUP(P4,Tabela13[],2,0) -> 0 | R4: =VLOOKUP(P4,Tabela13[],3,0) -> 0
B5: 3 | F5: =IF(Tabela13[[#This Row],[X / LAT / E]]="","",VLOOKUP(Tabela13[[#This Row],[PONTO]],RAMAIS_ATUAL,IF(PROJ1!$J$2="SIM",25,23),0)) | G5: =SQRT((D6-Tabela13[[#This Row],[Y / LON / N]])^2+(C6-Tabela13[[#This Row],[X / LAT / E]])^2) -> 0 | I5: 3 | M5: O
B6: 4 | F6: =IF(Tabela13[[#This Row],[X / LAT / E]]="","",VLOOKUP(Tabela13[[#This Row],[PONTO]],RAMAIS_ATUAL,IF(PROJ1!$J$2="SIM",25,23),0)) | G6: =SQRT((D7-Tabela13[[#This Row],[Y / LON / N]])^2+(C7-Tabela13[[#This Row],[X / LAT / E]])^2) -> 0 | I6: 4
B7: 5 | F7: =IF(Tabela13[[#This Row],[X / LAT / E]]="","",VLOOKUP(Tabela13[[#This Row],[PONTO]],RAMAIS_ATUAL,IF(PROJ1!$J$2="SIM",25,23),0)) | G7: =SQRT((D8-Tabela13[[#This Row],[Y / LON / N]])^2+(C8-Tabela13[[#This Row],[X / LAT / E]])^2) -> 0 | I7: 5 | Q7: DISTANCIA | R7: =ROUNDDOWN(SQRT((R4-R3)^2+(Q4-Q3)^2),0) -> 0
B8: 6 | F8: =IF(Tabela13[[#This Row],[X / LAT / E]]="","",VLOOKUP(Tabela13[[#This Row],[PONTO]],RAMAIS_ATUAL,IF(PROJ1!$J$2="SIM",25,23),0)) | G8: =SQRT((D9-Tabela13[[#This Row],[Y / LON / N]])^2+(C9-Tabela13[[#This Row],[X / LAT / E]])^2) -> 0 | I8: 6
B9: 7 | F9: =IF(Tabela13[[#This Row],[X / LAT / E]]="","",VLOOKUP(Tabela13[[#This Row],[PONTO]],RAMAIS_ATUAL,IF(PROJ1!$J$2="SIM",25,23),0)) | G9: =SQRT((D10-Tabela13[[#This Row],[Y / LON / N]])^2+(C10-Tabela13[[#This Row],[X / LAT / E]])^2) -> 0 | I9: 7
B10: 8 | F10: =IF(Tabela13[[#This Row],[X / LAT / E]]="","",VLOOKUP(Tabela13[[#This Row],[PONTO]],RAMAIS_ATUAL,IF(PROJ1!$J$2="SIM",25,23),0)) | G10: =SQRT((D11-Tabela13[[#This Row],[Y / LON / N]])^2+(C11-Tabela13[[#This Row],[X / LAT / E]])^2) -> 0 | I10: 8 | O10: CENTRO DE CARGA
B11: 9 | F11: =IF(Tabela13[[#This Row],[X / LAT / E]]="","",VLOOKUP(Tabela13[[#This Row],[PONTO]],RAMAIS_ATUAL,IF(PROJ1!$J$2="SIM",25,23),0)) | G11: =SQRT((D12-Tabela13[[#This Row],[Y / LON / N]])^2+(C12-Tabela13[[#This Row],[X / LAT / E]])^2) -> 0 | I11: 9
B12: 10 | F12: =IF(Tabela13[[#This Row],[X / LAT / E]]="","",VLOOKUP(Tabela13[[#This Row],[PONTO]],RAMAIS_ATUAL,IF(PROJ1!$J$2="SIM",25,23),0)) | G12: =SQRT((D13-Tabela13[[#This Row],[Y / LON / N]])^2+(C13-Tabela13[[#This Row],[X / LAT / E]])^2) -> 0 | I12: 10 | O12: X | P12: =IFERROR(SUMPRODUCT($F$3:$F$63,Tabela13[X / LAT / E])/SUM(F3:F63),"INSERIR DADOS") -> INSERIR DADOS
B13: 11 | F13: =IF(Tabela13[[#This Row],[X / LAT / E]]="","",VLOOKUP(Tabela13[[#This Row],[PONTO]],RAMAIS_ATUAL,IF(PROJ1!$J$2="SIM",25,23),0)) | G13: =SQRT((D14-Tabela13[[#This Row],[Y / LON / N]])^2+(C14-Tabela13[[#This Row],[X / LAT / E]])^2) -> 0 | I13: 11 | O13: Y | P13: =IFERROR(SUMPRODUCT(F3:F63,Tabela13[Y / LON / N])/SUM($F$3:$F$63),"INSERIR DADOS") -> INSERIR DADOS
B14: 12 | F14: =IF(Tabela13[[#This Row],[X / LAT / E]]="","",VLOOKUP(Tabela13[[#This Row],[PONTO]],RAMAIS_ATUAL,IF(PROJ1!$J$2="SIM",25,23),0)) | G14: =SQRT((D15-Tabela13[[#This Row],[Y / LON / N]])^2+(C15-Tabela13[[#This Row],[X / LAT / E]])^2) -> 0 | I14: 12
B15: 13 | F15: =IF(Tabela13[[#This Row],[X / LAT / E]]="","",VLOOKUP(Tabela13[[#This Row],[PONTO]],RAMAIS_ATUAL,IF(PROJ1!$J$2="SIM",25,23),0)) | G15: =SQRT((D16-Tabela13[[#This Row],[Y / LON / N]])^2+(C16-Tabela13[[#This Row],[X / LAT / E]])^2) -> 0 | I15: 13
B16: 14 | F16: =IF(Tabela13[[#This Row],[X / LAT / E]]="","",VLOOKUP(Tabela13[[#This Row],[PONTO]],RAMAIS_ATUAL,IF(PROJ1!$J$2="SIM",25,23),0)) | G16: =SQRT((D17-Tabela13[[#This Row],[Y / LON / N]])^2+(C17-Tabela13[[#This Row],[X / LAT / E]])^2) -> 0 | I16: 14
B17: 15 | F17: =IF(Tabela13[[#This Row],[X / LAT / E]]="","",VLOOKUP(Tabela13[[#This Row],[PONTO]],RAMAIS_ATUAL,IF(PROJ1!$J$2="SIM",25,23),0)) | G17: =SQRT((D18-Tabela13[[#This Row],[Y / LON / N]])^2+(C18-Tabela13[[#This Row],[X / LAT / E]])^2) -> 0 | I17: 15
B18: 16 | F18: =IF(Tabela13[[#This Row],[X / LAT / E]]="","",VLOOKUP(Tabela13[[#This Row],[PONTO]],RAMAIS_ATUAL,IF(PROJ1!$J$2="SIM",25,23),0)) | G18: =SQRT((D19-Tabela13[[#This Row],[Y / LON / N]])^2+(C19-Tabela13[[#This Row],[X / LAT / E]])^2) -> 0 | I18: 15
B19: 17 | F19: =IF(Tabela13[[#This Row],[X / LAT / E]]="","",VLOOKUP(Tabela13[[#This Row],[PONTO]],RAMAIS_ATUAL,IF(PROJ1!$J$2="SIM",25,23),0)) | G19: =SQRT((D20-Tabela13[[#This Row],[Y / LON / N]])^2+(C20-Tabela13[[#This Row],[X / LAT / E]])^2) -> 0 | I19: 16
B20: 18 | F20: =IF(Tabela13[[#This Row],[X / LAT / E]]="","",VLOOKUP(Tabela13[[#This Row],[PONTO]],RAMAIS_ATUAL,IF(PROJ1!$J$2="SIM",25,23),0)) | G20: =SQRT((D21-Tabela13[[#This Row],[Y / LON / N]])^2+(C21-Tabela13[[#This Row],[X / LAT / E]])^2) -> 0 | I20: 17
B21: 19 | F21: =IF(Tabela13[[#This Row],[X / LAT / E]]="","",VLOOKUP(Tabela13[[#This Row],[PONTO]],RAMAIS_ATUAL,IF(PROJ1!$J$2="SIM",25,23),0)) | G21: =SQRT((D22-Tabela13[[#This Row],[Y / LON / N]])^2+(C22-Tabela13[[#This Row],[X / LAT / E]])^2) -> 0 | I21: 18
B22: 20 | F22: =IF(Tabela13[[#This Row],[X / LAT / E]]="","",VLOOKUP(Tabela13[[#This Row],[PONTO]],RAMAIS_ATUAL,IF(PROJ1!$J$2="SIM",25,23),0)) | G22: =SQRT((D23-Tabela13[[#This Row],[Y / LON / N]])^2+(C23-Tabela13[[#This Row],[X / LAT / E]])^2) -> 0 | I22: 19
B23: 21 | F23: =IF(Tabela13[[#This Row],[X / LAT / E]]="","",VLOOKUP(Tabela13[[#This Row],[PONTO]],RAMAIS_ATUAL,IF(PROJ1!$J$2="SIM",25,23),0)) | G23: =SQRT((D24-Tabela13[[#This Row],[Y / LON / N]])^2+(C24-Tabela13[[#This Row],[X / LAT / E]])^2) -> 0 | I23: 20
B24: 22 | F24: =IF(Tabela13[[#This Row],[X / LAT / E]]="","",VLOOKUP(Tabela13[[#This Row],[PONTO]],RAMAIS_ATUAL,IF(PROJ1!$J$2="SIM",25,23),0)) | G24: =SQRT((D25-Tabela13[[#This Row],[Y / LON / N]])^2+(C25-Tabela13[[#This Row],[X / LAT / E]])^2) -> 0 | I24: 21
B25: 23 | F25: =IF(Tabela13[[#This Row],[X / LAT / E]]="","",VLOOKUP(Tabela13[[#This Row],[PONTO]],RAMAIS_ATUAL,IF(PROJ1!$J$2="SIM",25,23),0)) | G25: =SQRT((D26-Tabela13[[#This Row],[Y / LON / N]])^2+(C26-Tabela13[[#This Row],[X / LAT / E]])^2) -> 0 | I25: 26
... B32: 30 | F32: =IF(Tabela13[[#This Row],[X / LAT / E]]="","",VLOOKUP(Tabela13[[#This Row],[PONTO]],RAMAIS_ATUAL,IF(PROJ1!$J$2="SIM",25,23),0)) | G32: =SQRT((D33-Tabela13[[#This Row],[Y / LON / N]])^2+(C33-Tabela13[[#This Row],[X / LAT / E]])^2) -> 0 | I32: 29
B33: 31 | F33: =IF(Tabela13[[#This Row],[X / LAT / E]]="","",VLOOKUP(Tabela13[[#This Row],[PONTO]],RAMAIS_ATUAL,IF(PROJ1!$J$2="SIM",25,23),0)) | G33: =SQRT((D34-Tabela13[[#This Row],[Y / LON / N]])^2+(C34-Tabela13[[#This Row],[X / LAT / E]])^2) -> 0
B34: 32 | F34: =IF(Tabela13[[#This Row],[X / LAT / E]]="","",VLOOKUP(Tabela13[[#This Row],[PONTO]],RAMAIS_ATUAL,IF(PROJ1!$J$2="SIM",25,23),0)) | G34: =SQRT((D35-Tabela13[[#This Row],[Y / LON / N]])^2+(C35-Tabela13[[#This Row],[X / LAT / E]])^2) -> 0
B35: 33 | F35: =IF(Tabela13[[#This Row],[X / LAT / E]]="","",VLOOKUP(Tabela13[[#This Row],[PONTO]],RAMAIS_ATUAL,IF(PROJ1!$J$2="SIM",25,23),0)) | G35: =SQRT((D36-Tabela13[[#This Row],[Y / LON / N]])^2+(C36-Tabela13[[#This Row],[X / LAT / E]])^2) -> 0
B36: 34 | F36: =IF(Tabela13[[#This Row],[X / LAT / E]]="","",VLOOKUP(Tabela13[[#This Row],[PONTO]],RAMAIS_ATUAL,IF(PROJ1!$J$2="SIM",25,23),0)) | G36: =SQRT((D37-Tabela13[[#This Row],[Y / LON / N]])^2+(C37-Tabela13[[#This Row],[X / LAT / E]])^2) -> 0
B37: 35 | F37: =IF(Tabela13[[#This Row],[X / LAT / E]]="","",VLOOKUP(Tabela13[[#This Row],[PONTO]],RAMAIS_ATUAL,IF(PROJ1!$J$2="SIM",25,23),0)) | G37: =SQRT((D38-Tabela13[[#This Row],[Y / LON / N]])^2+(C38-Tabela13[[#This Row],[X / LAT / E]])^2) -> 0
B38: 36 | F38: =IF(Tabela13[[#This Row],[X / LAT / E]]="","",VLOOKUP(Tabela13[[#This Row],[PONTO]],RAMAIS_ATUAL,IF(PROJ1!$J$2="SIM",25,23),0)) | G38: =SQRT((D39-Tabela13[[#This Row],[Y / LON / N]])^2+(C39-Tabela13[[#This Row],[X / LAT / E]])^2) -> 0
B39: 37 | F39: =IF(Tabela13[[#This Row],[X / LAT / E]]="","",VLOOKUP(Tabela13[[#This Row],[PONTO]],RAMAIS_ATUAL,IF(PROJ1!$J$2="SIM",25,23),0)) | G39: =SQRT((D40-Tabela13[[#This Row],[Y / LON / N]])^2+(C40-Tabela13[[#This Row],[X / LAT / E]])^2) -> 0
B40: 38 | F40: =IF(Tabela13[[#This Row],[X / LAT / E]]="","",VLOOKUP(Tabela13[[#This Row],[PONTO]],RAMAIS_ATUAL,IF(PROJ1!$J$2="SIM",25,23),0)) | G40: =SQRT((D41-Tabela13[[#This Row],[Y / LON / N]])^2+(C41-Tabela13[[#This Row],[X / LAT / E]])^2) -> 0
B41: 38 | F41: =IF(Tabela13[[#This Row],[X / LAT / E]]="","",VLOOKUP(Tabela13[[#This Row],[PONTO]],RAMAIS_ATUAL,IF(PROJ1!$J$2="SIM",25,23),0)) | G41: =SQRT((D42-Tabela13[[#This Row],[Y / LON / N]])^2+(C42-Tabela13[[#This Row],[X / LAT / E]])^2) -> 0
B42: 39 | F42: =IF(Tabela13[[#This Row],[X / LAT / E]]="","",VLOOKUP(Tabela13[[#This Row],[PONTO]],RAMAIS_ATUAL,IF(PROJ1!$J$2="SIM",25,23),0)) | G42: =SQRT((D43-Tabela13[[#This Row],[Y / LON / N]])^2+(C43-Tabela13[[#This Row],[X / LAT / E]])^2) -> 0
B43: 40 | F43: =IF(Tabela13[[#This Row],[X / LAT / E]]="","",VLOOKUP(Tabela13[[#This Row],[PONTO]],RAMAIS_ATUAL,IF(PROJ1!$J$2="SIM",25,23),0)) | G43: =SQRT((D44-Tabela13[[#This Row],[Y / LON / N]])^2+(C44-Tabela13[[#This Row],[X / LAT / E]])^2) -> 0
B44: 41 | F44: =IF(Tabela13[[#This Row],[X / LAT / E]]="","",VLOOKUP(Tabela13[[#This Row],[PONTO]],RAMAIS_ATUAL,IF(PROJ1!$J$2="SIM",25,23),0)) | G44: =SQRT((D45-Tabela13[[#This Row],[Y / LON / N]])^2+(C45-Tabela13[[#This Row],[X / LAT / E]])^2) -> 0
... B63: 60 | F63: =IF(Tabela13[[#This Row],[X / LAT / E]]="","",VLOOKUP(Tabela13[[#This Row],[PONTO]],RAMAIS_ATUAL,IF(PROJ1!$J$2="SIM",25,23),0)) | G63: =SQRT((D64-Tabela13[[#This Row],[Y / LON / N]])^2+(C64-Tabela13[[#This Row],[X / LAT / E]])^2) -> 0
B64: 61
B65: 62
B66: 63
B67: 64
B68: 65

Sheet SUGESTAO_CORTES
A1: PAINEL DE SUGESTAO DE CORTES (HEURISTICO) | K1: PARAMETROS SCORE
K2: Peso carga acumulada | L2: 0.3 | M2: 1 | N2: =IFERROR(IF(INDEX(GERAL[PONTO],M2)="","",INDEX(GERAL[PONTO],M2)),"") -> 1 | O2: =IF(N2="","",IFERROR(INDEX(GERAL[ACUMULADA],1),0)) -> 127.70729 | P2: =IF(O2="","",$B$11-O2) -> -87.061694 | Q2: =IF(O2="","",IF(O2*1.15<=30,30,IF(O2*1.15<=45,45,IF(O2*1.15<=75,75,IF(O2*1.15<=112.5,112.5,IF(O2*1.15<=150,150,IF(O2*1.15<=225,225,300))))))) -> 150 | R2: =IF(Q2="","",IFERROR(O2/Q2,0)) -> 0.85138196 | S2: =IF(N2="","",IFERROR(INDEX(Tabela7[QT %],MATCH(N2,Tabela7[PONTO],0)),0)) -> 0.049510527 | T2: =IF(O2="","",IFERROR(1-ABS(O2-P2)/$B$11,0)) -> -4.2839419 | U2: =IF(N2="","",IF($B$9>$B$8,IFERROR((INDEX(GERAL[SNAP],1)-$B$8)/($B$9-$B$8),0),0)) -> 0 | V2: =IF(OR(N2="",W2<>"LADO 1"),"",$L$2*IFERROR(O2/$B$11,0)+$L$3*IF($D$11>0,IFERROR(S2/$D$11,0),0)+$L$4*IFERROR(T2,0)-$L$5*IFERROR(U2,0)-$L$6*MAX(0,IFERROR(R2,0)-$L$7)+ROW()/1000000) | W2: =IFERROR(INDEX(GERAL[LADO],1),"") -> TRAFO | Y2: =IFERROR(IF(INDEX(GERAL[PONTO],M2)="","",INDEX(GERAL[PONTO],M2)),"") -> 1 | Z2: =IF(Y2="","",IFERROR(INDEX(GERAL[ACUMULADA],1),0)) -> 127.70729 | AA2: =IF(Z2="","",$B$31-Z2) -> -21.675294 | AB2: =IF(Z2="","",IF(Z2*1.15<=30,30,IF(Z2*1.15<=45,45,IF(Z2*1.15<=75,75,IF(Z2*1.15<=112.5,112.5,IF(Z2*1.15<=150,150,IF(Z2*1.15<=225,225,300))))))) -> 150 | AC2: =IF(AB2="","",IFERROR(Z2/AB2,0)) -> 0.85138196 | AD2: =IF(Y2="","",IFERROR(INDEX(DIR_ATUAL[QT %],MATCH(Y2,DIR_ATUAL[PONTO],0)),0)) -> 0.049510527 | AE2: =IF(Z2="","",IFERROR(1-ABS(Z2-AA2)/$B$31,0)) -> -0.40884439 | AF2: =IF(Y2="","",IF($E$9>$E$8,IFERROR((INDEX(GERAL[SNAP],1)-$E$8)/($E$9-$E$8),0),0)) -> 0 | AG2: =IF(OR(Y2="",AH2<>"LADO 2"),"",$L$2*IFERROR(Z2/$B$31,0)+$L$3*IF($D$31>0,IFERROR(AD2/$D$31,0),0)+$L$4*IFERROR(AE2,0)-$L$5*IFERROR(AF2,0)-$L$6*MAX(0,IFERROR(AC2,0)-$L$7)+ROW()/1000000) | AH2: =IFERROR(INDEX(GERAL[LADO],1),"") -> TRAFO
A3: Arquivo analisado | D3: Cenario 2 trafos | K3: Peso QT | L3: 0.69 | M3: 2 | N3: =IFERROR(IF(INDEX(GERAL[PONTO],M3)="","",INDEX(GERAL[PONTO],M3)),"") | O3: =IF(N3="","",IFERROR(INDEX(GERAL[ACUMULADA],2),0)) | P3: =IF(O3="","",$B$11-O3) | Q3: =IF(O3="","",IF(O3*1.15<=30,30,IF(O3*1.15<=45,45,IF(O3*1.15<=75,75,IF(O3*1.15<=112.5,112.5,IF(O3*1.15<=150,150,IF(O3*1.15<=225,225,300))))))) | R3: =IF(Q3="","",IFERROR(O3/Q3,0)) | S3: =IF(N3="","",IFERROR(INDEX(Tabela7[QT %],MATCH(N3,Tabela7[PONTO],0)),0)) | T3: =IF(O3="","",IFERROR(1-ABS(O3-P3)/$B$11,0)) | U3: =IF(N3="","",IF($B$9>$B$8,IFERROR((INDEX(GERAL[SNAP],2)-$B$8)/($B$9-$B$8),0),0)) | V3: =IF(OR(N3="",W3<>"LADO 1"),"",$L$2*IFERROR(O3/$B$11,0)+$L$3*IF($D$11>0,IFERROR(S3/$D$11,0),0)+$L$4*IFERROR(T3,0)-$L$5*IFERROR(U3,0)-$L$6*MAX(0,IFERROR(R3,0)-$L$7)+ROW()/1000000) | W3: =IFERROR(INDEX(GERAL[LADO],2),"") -> 0 | Y3: =IFERROR(IF(INDEX(GERAL[PONTO],M3)="","",INDEX(GERAL[PONTO],M3)),"") | Z3: =IF(Y3="","",IFERROR(INDEX(GERAL[ACUMULADA],2),0)) | AA3: =IF(Z3="","",$B$31-Z3) | AB3: =IF(Z3="","",IF(Z3*1.15<=30,30,IF(Z3*1.15<=45,45,IF(Z3*1.15<=75,75,IF(Z3*1.15<=112.5,112.5,IF(Z3*1.15<=150,150,IF(Z3*1.15<=225,225,300))))))) | AC3: =IF(AB3="","",IFERROR(Z3/AB3,0)) | AD3: =IF(Y3="","",IFERROR(INDEX(DIR_ATUAL[QT %],MATCH(Y3,DIR_ATUAL[PONTO],0)),0)) | AE3: =IF(Z3="","",IFERROR(1-ABS(Z3-AA3)/$B$31,0)) | AF3: =IF(Y3="","",IF($E$9>$E$8,IFERROR((INDEX(GERAL[SNAP],2)-$E$8)/($E$9-$E$8),0),0)) | AG3: =IF(OR(Y3="",AH3<>"LADO 2"),"",$L$2*IFERROR(Z3/$B$31,0)+$L$3*IF($D$31>0,IFERROR(AD3/$D$31,0),0)+$L$4*IFERROR(AE3,0)-$L$5*IFERROR(AF3,0)-$L$6*MAX(0,IFERROR(AC3,0)-$L$7)+ROW()/1000000) | AH3: =IFERROR(INDEX(GERAL[LADO],2),"") -> 0
A4: Gerado em | D4: LADO 1 | E4: =SUMIFS(GERAL[TOTAL DO TRECHO],GERAL[LADO],"LADO 1") -> 40.6456 | F4: =IF(E4*1.15<=30,30,IF(E4*1.15<=45,45,IF(E4*1.15<=75,75,IF(E4*1.15<=112.5,112.5,IF(E4*1.15<=150,150,IF(E4*1.15<=225,225,300)))))) -> 75 | G4: =IFERROR(E4/F4,0) -> 0.54194133 | K4: Peso balanceamento | L4: 0.01 | M4: 3 | N4: =IFERROR(IF(INDEX(GERAL[PONTO],M4)="","",INDEX(GERAL[PONTO],M4)),"") -> 2 | O4: =IF(N4="","",IFERROR(INDEX(GERAL[ACUMULADA],3),0)) -> 36.2276 | P4: =IF(O4="","",$B$11-O4) -> 4.418 | Q4: =IF(O4="","",IF(O4*1.15<=30,30,IF(O4*1.15<=45,45,IF(O4*1.15<=75,75,IF(O4*1.15<=112.5,112.5,IF(O4*1.15<=150,150,IF(O4*1.15<=225,225,300))))))) -> 45 | R4: =IF(Q4="","",IFERROR(O4/Q4,0)) -> 0.80505778 | S4: =IF(N4="","",IFERROR(INDEX(Tabela7[QT %],MATCH(N4,Tabela7[PONTO],0)),0)) -> 0.067310028 | T4: =IF(O4="","",IFERROR(1-ABS(O4-P4)/$B$11,0)) -> 0.2173913 | U4: =IF(N4="","",IF($B$9>$B$8,IFERROR((INDEX(GERAL[SNAP],3)-$B$8)/($B$9-$B$8),0),0)) -> 0 | V4: =IF(OR(N4="",W4<>"LADO 1"),"",$L$2*IFERROR(O4/$B$11,0)+$L$3*IF($D$11>0,IFERROR(S4/$D$11,0),0)+$L$4*IFERROR(T4,0)-$L$5*IFERROR(U4,0)-$L$6*MAX(0,IFERROR(R4,0)-$L$7)+ROW()/1000000) -> 0.82673365 | W4: =IFERROR(INDEX(GERAL[LADO],3),"") -> LADO 1 | Y4: =IFERROR(IF(INDEX(GERAL[PONTO],M4)="","",INDEX(GERAL[PONTO],M4)),"") -> 2 | Z4: =IF(Y4="","",IFERROR(INDEX(GERAL[ACUMULADA],3),0)) -> 36.2276 | AA4: =IF(Z4="","",$B$31-Z4) -> 69.8044 | AB4: =IF(Z4="","",IF(Z4*1.15<=30,30,IF(Z4*1.15<=45,45,IF(Z4*1.15<=75,75,IF(Z4*1.15<=112.5,112.5,IF(Z4*1.15<=150,150,IF(Z4*1.15<=225,225,300))))))) -> 45 | AC4: =IF(AB4="","",IFERROR(Z4/AB4,0)) -> 0.80505778 | AD4: =IF(Y4="","",IFERROR(INDEX(DIR_ATUAL[QT %],MATCH(Y4,DIR_ATUAL[PONTO],0)),0)) -> 0 | AE4: =IF(Z4="","",IFERROR(1-ABS(Z4-AA4)/$B$31,0)) -> 0.68333333 | AF4: =IF(Y4="","",IF($E$9>$E$8,IFERROR((INDEX(GERAL[SNAP],3)-$E$8)/($E$9-$E$8),0),0)) -> 0 | AG4: =IF(OR(Y4="",AH4<>"LADO 2"),"",$L$2*IFERROR(Z4/$B$31,0)+$L$3*IF($D$31>0,IFERROR(AD4/$D$31,0),0)+$L$4*IFERROR(AE4,0)-$L$5*IFERROR(AF4,0)-$L$6*MAX(0,IFERROR(AC4,0)-$L$7)+ROW()/1000000) | AH4: =IFERROR(INDEX(GERAL[LADO],3),"") -> LADO 1
A5: Demanda atual (kVA) | B5: =DB!K7/0.85 -> 150.24388 | D5: LADO 2 | E5: =SUMIFS(GERAL[TOTAL DO TRECHO],GERAL[LADO],"LADO 2") -> 106.032 | F5: =IF(E5*1.15<=30,30,IF(E5*1.15<=45,45,IF(E5*1.15<=75,75,IF(E5*1.15<=112.5,112.5,IF(E5*1.15<=150,150,IF(E5*1.15<=225,225,300)))))) -> 150 | G5: =IFERROR(E5/F5,0) -> 0.70688 | K5: Penalidade distancia | L5: 0.05 | M5: 4 | N5: =IFERROR(IF(INDEX(GERAL[PONTO],M5)="","",INDEX(GERAL[PONTO],M5)),"") -> 3 | O5: =IF(N5="","",IFERROR(INDEX(GERAL[ACUMULADA],4),0)) -> 36.2276 | P5: =IF(O5="","",$B$11-O5) -> 4.418 | Q5: =IF(O5="","",IF(O5*1.15<=30,30,IF(O5*1.15<=45,45,IF(O5*1.15<=75,75,IF(O5*1.15<=112.5,112.5,IF(O5*1.15<=150,150,IF(O5*1.15<=225,225,300))))))) -> 45 | R5: =IF(Q5="","",IFERROR(O5/Q5,0)) -> 0.80505778 | S5: =IF(N5="","",IFERROR(INDEX(Tabela7[QT %],MATCH(N5,Tabela7[PONTO],0)),0)) -> 0.07574137 | T5: =IF(O5="","",IFERROR(1-ABS(O5-P5)/$B$11,0)) -> 0.2173913 | U5: =IF(N5="","",IF($B$9>$B$8,IFERROR((INDEX(GERAL[SNAP],4)-$B$8)/($B$9-$B$8),0),0)) -> 0 | V5: =IF(OR(N5="",W5<>"LADO 1"),"",$L$2*IFERROR(O5/$B$11,0)+$L$3*IF($D$11>0,IFERROR(S5/$D$11,0),0)+$L$4*IFERROR(T5,0)-$L$5*IFERROR(U5,0)-$L$6*MAX(0,IFERROR(R5,0)-$L$7)+ROW()/1000000) -> 0.8965258 | W5: =IFERROR(INDEX(GERAL[LADO],4),"") -> LADO 1 | Y5: =IFERROR(IF(INDEX(GERAL[PONTO],M5)="","",INDEX(GERAL[PONTO],M5)),"") -> 3 | Z5: =IF(Y5="","",IFERROR(INDEX(GERAL[ACUMULADA],4),0)) -> 36.2276 | AA5: =IF(Z5="","",$B$31-Z5) -> 69.8044 | AB5: =IF(Z5="","",IF(Z5*1.15<=30,30,IF(Z5*1.15<=45,45,IF(Z5*1.15<=75,75,IF(Z5*1.15<=112.5,112.5,IF(Z5*1.15<=150,150,IF(Z5*1.15<=225,225,300))))))) -> 45 | AC5: =IF(AB5="","",IFERROR(Z5/AB5,0)) -> 0.80505778 | AD5: =IF(Y5="","",IFERROR(INDEX(DIR_ATUAL[QT %],MATCH(Y5,DIR_ATUAL[PONTO],0)),0)) -> 0 | AE5: =IF(Z5="","",IFERROR(1-ABS(Z5-AA5)/$B$31,0)) -> 0.68333333 | AF5: =IF(Y5="","",IF($E$9>$E$8,IFERROR((INDEX(GERAL[SNAP],4)-$E$8)/($E$9-$E$8),0),0)) -> 0 | AG5: =IF(OR(Y5="",AH5<>"LADO 2"),"",$L$2*IFERROR(Z5/$B$31,0)+$L$3*IF($D$31>0,IFERROR(AD5/$D$31,0),0)+$L$4*IFERROR(AE5,0)-$L$5*IFERROR(AF5,0)-$L$6*MAX(0,IFERROR(AC5,0)-$L$7)+ROW()/1000000) | AH5: =IFERROR(INDEX(GERAL[LADO],4),"") -> LADO 1
A6: Trafo atual (kVA) | B6: =DB!K6 -> 150 | D6: Status | E6: =IF(AND(G4<=0.85,G5<=0.85),"OK","SPLIT_MAIOR_LADO") -> OK | K6: Penalidade saturacao | L6: 0.2 | M6: 5 | N6: =IFERROR(IF(INDEX(GERAL[PONTO],M6)="","",INDEX(GERAL[PONTO],M6)),"") -> 4 | O6: =IF(N6="","",IFERROR(INDEX(GERAL[ACUMULADA],5),0)) -> 22.5224 | P6: =IF(O6="","",$B$11-O6) -> 18.1232 | Q6: =IF(O6="","",IF(O6*1.15<=30,30,IF(O6*1.15<=45,45,IF(O6*1.15<=75,75,IF(O6*1.15<=112.5,112.5,IF(O6*1.15<=150,150,IF(O6*1.15<=225,225,300))))))) -> 30 | R6: =IF(Q6="","",IFERROR(O6/Q6,0)) -> 0.75074667 | S6: =IF(N6="","",IFERROR(INDEX(Tabela7[QT %],MATCH(N6,Tabela7[PONTO],0)),0)) -> 0.080756952 | T6: =IF(O6="","",IFERROR(1-ABS(O6-P6)/$B$11,0)) -> 0.89176688 | U6: =IF(N6="","",IF($B$9>$B$8,IFERROR((INDEX(GERAL[SNAP],5)-$B$8)/($B$9-$B$8),0),0)) -> 0 | V6: =IF(OR(N6="",W6<>"LADO 1"),"",$L$2*IFERROR(O6/$B$11,0)+$L$3*IF($D$11>0,IFERROR(S6/$D$11,0),0)+$L$4*IFERROR(T6,0)-$L$5*IFERROR(U6,0)-$L$6*MAX(0,IFERROR(R6,0)-$L$7)+ROW()/1000000) -> 0.84363112 | W6: =IFERROR(INDEX(GERAL[LADO],5),"") -> LADO 1 | Y6: =IFERROR(IF(INDEX(GERAL[PONTO],M6)="","",INDEX(GERAL[PONTO],M6)),"") -> 4 | Z6: =IF(Y6="","",IFERROR(INDEX(GERAL[ACUMULADA],5),0)) -> 22.5224 | AA6: =IF(Z6="","",$B$31-Z6) -> 83.5096 | AB6: =IF(Z6="","",IF(Z6*1.15<=30,30,IF(Z6*1.15<=45,45,IF(Z6*1.15<=75,75,IF(Z6*1.15<=112.5,112.5,IF(Z6*1.15<=150,150,IF(Z6*1.15<=225,225,300))))))) -> 30 | AC6: =IF(AB6="","",IFERROR(Z6/AB6,0)) -> 0.75074667 | AD6: =IF(Y6="","",IFERROR(INDEX(DIR_ATUAL[QT %],MATCH(Y6,DIR_ATUAL[PONTO],0)),0)) -> 0 | AE6: =IF(Z6="","",IFERROR(1-ABS(Z6-AA6)/$B$31,0)) -> 0.4248227 | AF6: =IF(Y6="","",IF($E$9>$E$8,IFERROR((INDEX(GERAL[SNAP],5)-$E$8)/($E$9-$E$8),0),0)) -> 0 | AG6: =IF(OR(Y6="",AH6<>"LADO 2"),"",$L$2*IFERROR(Z6/$B$31,0)+$L$3*IF($D$31>0,IFERROR(AD6/$D$31,0),0)+$L$4*IFERROR(AE6,0)-$L$5*IFERROR(AF6,0)-$L$6*MAX(0,IFERROR(AC6,0)-$L$7)+ROW()/1000000) | AH6: =IFERROR(INDEX(GERAL[LADO],5),"") -> LADO 1
A7: Saturacao atual | B7: =IFERROR(B5/B6,0) -> 1.0016258 | K7: Limite sat pos-corte | L7: 0.85 | M7: 6 | N7: =IFERROR(IF(INDEX(GERAL[PONTO],M7)="","",INDEX(GERAL[PONTO],M7)),"") | O7: =IF(N7="","",IFERROR(INDEX(GERAL[ACUMULADA],6),0)) | P7: =IF(O7="","",$B$11-O7) | Q7: =IF(O7="","",IF(O7*1.15<=30,30,IF(O7*1.15<=45,45,IF(O7*1.15<=75,75,IF(O7*1.15<=112.5,112.5,IF(O7*1.15<=150,150,IF(O7*1.15<=225,225,300))))))) | R7: =IF(Q7="","",IFERROR(O7/Q7,0)) | S7: =IF(N7="","",IFERROR(INDEX(Tabela7[QT %],MATCH(N7,Tabela7[PONTO],0)),0)) | T7: =IF(O7="","",IFERROR(1-ABS(O7-P7)/$B$11,0)) | U7: =IF(N7="","",IF($B$9>$B$8,IFERROR((INDEX(GERAL[SNAP],6)-$B$8)/($B$9-$B$8),0),0)) | V7: =IF(OR(N7="",W7<>"LADO 1"),"",$L$2*IFERROR(O7/$B$11,0)+$L$3*IF($D$11>0,IFERROR(S7/$D$11,0),0)+$L$4*IFERROR(T7,0)-$L$5*IFERROR(U7,0)-$L$6*MAX(0,IFERROR(R7,0)-$L$7)+ROW()/1000000) | W7: =IFERROR(INDEX(GERAL[LADO],6),"") -> 0 | Y7: =IFERROR(IF(INDEX(GERAL[PONTO],M7)="","",INDEX(GERAL[PONTO],M7)),"") | Z7: =IF(Y7="","",IFERROR(INDEX(GERAL[ACUMULADA],6),0)) | AA7: =IF(Z7="","",$B$31-Z7) | AB7: =IF(Z7="","",IF(Z7*1.15<=30,30,IF(Z7*1.15<=45,45,IF(Z7*1.15<=75,75,IF(Z7*1.15<=112.5,112.5,IF(Z7*1.15<=150,150,IF(Z7*1.15<=225,225,300))))))) | AC7: =IF(AB7="","",IFERROR(Z7/AB7,0)) | AD7: =IF(Y7="","",IFERROR(INDEX(DIR_ATUAL[QT %],MATCH(Y7,DIR_ATUAL[PONTO],0)),0)) | AE7: =IF(Z7="","",IFERROR(1-ABS(Z7-AA7)/$B$31,0)) | AF7: =IF(Y7="","",IF($E$9>$E$8,IFERROR((INDEX(GERAL[SNAP],6)-$E$8)/($E$9-$E$8),0),0)) | AG7: =IF(OR(Y7="",AH7<>"LADO 2"),"",$L$2*IFERROR(Z7/$B$31,0)+$L$3*IF($D$31>0,IFERROR(AD7/$D$31,0),0)+$L$4*IFERROR(AE7,0)-$L$5*IFERROR(AF7,0)-$L$6*MAX(0,IFERROR(AC7,0)-$L$7)+ROW()/1000000) | AH7: =IFERROR(INDEX(GERAL[LADO],6),"") -> 0
B8: =IFERROR(MINIFS(GERAL[SNAP],GERAL[LADO],"ESQUERDO"),0) -> 0 | E8: =IFERROR(MINIFS(GERAL[SNAP],GERAL[LADO],"DIREITO"),0) -> 0 | K8: Soma pesos (ideal 1,00) | L8: =L2+L3+L4 -> 1 | M8: 7 | N8: =IFERROR(IF(INDEX(GERAL[PONTO],M8)="","",INDEX(GERAL[PONTO],M8)),"") -> 5 | O8: =IF(N8="","",IFERROR(INDEX(GERAL[ACUMULADA],7),0)) -> 80.1256 | P8: =IF(O8="","",$B$11-O8) -> -39.48 | Q8: =IF(O8="","",IF(O8*1.15<=30,30,IF(O8*1.15<=45,45,IF(O8*1.15<=75,75,IF(O8*1.15<=112.5,112.5,IF(O8*1.15<=150,150,IF(O8*1.15<=225,225,300))))))) -> 112.5 | R8: =IF(Q8="","",IFERROR(O8/Q8,0)) -> 0.71222756 | S8: =IF(N8="","",IFERROR(INDEX(Tabela7[QT %],MATCH(N8,Tabela7[PONTO],0)),0)) -> 0 | T8: =IF(O8="","",IFERROR(1-ABS(O8-P8)/$B$11,0)) -> -1.9426457 | U8: =IF(N8="","",IF($B$9>$B$8,IFERROR((INDEX(GERAL[SNAP],7)-$B$8)/($B$9-$B$8),0),0)) -> 0 | V8: =IF(OR(N8="",W8<>"LADO 1"),"",$L$2*IFERROR(O8/$B$11,0)+$L$3*IF($D$11>0,IFERROR(S8/$D$11,0),0)+$L$4*IFERROR(T8,0)-$L$5*IFERROR(U8,0)-$L$6*MAX(0,IFERROR(R8,0)-$L$7)+ROW()/1000000) | W8: =IFERROR(INDEX(GERAL[LADO],7),"") -> LADO 2 | Y8: =IFERROR(IF(INDEX(GERAL[PONTO],M8)="","",INDEX(GERAL[PONTO],M8)),"") -> 5 | Z8: =IF(Y8="","",IFERROR(INDEX(GERAL[ACUMULADA],7),0)) -> 80.1256 | AA8: =IF(Z8="","",$B$31-Z8) -> 25.9064 | AB8: =IF(Z8="","",IF(Z8*1.15<=30,30,IF(Z8*1.15<=45,45,IF(Z8*1.15<=75,75,IF(Z8*1.15<=112.5,112.5,IF(Z8*1.15<=150,150,IF(Z8*1.15<=225,225,300))))))) -> 112.5 | AC8: =IF(AB8="","",IFERROR(Z8/AB8,0)) -> 0.71222756 | AD8: =IF(Y8="","",IFERROR(INDEX(DIR_ATUAL[QT %],MATCH(Y8,DIR_ATUAL[PONTO],0)),0)) -> 0.068385447 | AE8: =IF(Z8="","",IFERROR(1-ABS(Z8-AA8)/$B$31,0)) -> 0.48865248 | AF8: =IF(Y8="","",IF($E$9>$E$8,IFERROR((INDEX(GERAL[SNAP],7)-$E$8)/($E$9-$E$8),0),0)) -> 0 | AG8: =IF(OR(Y8="",AH8<>"LADO 2"),"",$L$2*IFERROR(Z8/$B$31,0)+$L$3*IF($D$31>0,IFERROR(AD8/$D$31,0),0)+$L$4*IFERROR(AE8,0)-$L$5*IFERROR(AF8,0)-$L$6*MAX(0,IFERROR(AC8,0)-$L$7)+ROW()/1000000) -> 0.63510716 | AH8: =IFERROR(INDEX(GERAL[LADO],7),"") -> LADO 2
B9: =IFERROR(MAXIFS(GERAL[SNAP],GERAL[LADO],"ESQUERDO"),1) -> 1 | E9: =IFERROR(MAXIFS(GERAL[SNAP],GERAL[LADO],"DIREITO"),1) -> 1 | M9: 8 | N9: =IFERROR(IF(INDEX(GERAL[PONTO],M9)="","",INDEX(GERAL[PONTO],M9)),"") -> 6 | O9: =IF(N9="","",IFERROR(INDEX(GERAL[ACUMULADA],8),0)) -> 61.1752 | P9: =IF(O9="","",$B$11-O9) -> -20.5296 | Q9: =IF(O9="","",IF(O9*1.15<=30,30,IF(O9*1.15<=45,45,IF(O9*1.15<=75,75,IF(O9*1.15<=112.5,112.5,IF(O9*1.15<=150,150,IF(O9*1.15<=225,225,300))))))) -> 75 | R9: =IF(Q9="","",IFERROR(O9/Q9,0)) -> 0.81566933 | S9: =IF(N9="","",IFERROR(INDEX(Tabela7[QT %],MATCH(N9,Tabela7[PONTO],0)),0)) -> 0 | T9: =IF(O9="","",IFERROR(1-ABS(O9-P9)/$B$11,0)) -> -1.0101758 | U9: =IF(N9="","",IF($B$9>$B$8,IFERROR((INDEX(GERAL[SNAP],8)-$B$8)/($B$9-$B$8),0),0)) -> 0 | V9: =IF(OR(N9="",W9<>"LADO 1"),"",$L$2*IFERROR(O9/$B$11,0)+$L$3*IF($D$11>0,IFERROR(S9/$D$11,0),0)+$L$4*IFERROR(T9,0)-$L$5*IFERROR(U9,0)-$L$6*MAX(0,IFERROR(R9,0)-$L$7)+ROW()/1000000) | W9: =IFERROR(INDEX(GERAL[LADO],8),"") -> LADO 2 | Y9: =IFERROR(IF(INDEX(GERAL[PONTO],M9)="","",INDEX(GERAL[PONTO],M9)),"") -> 6 | Z9: =IF(Y9="","",IFERROR(INDEX(GERAL[ACUMULADA],8),0)) -> 61.1752 | AA9: =IF(Z9="","",$B$31-Z9) -> 44.8568 | AB9: =IF(Z9="","",IF(Z9*1.15<=30,30,IF(Z9*1.15<=45,45,IF(Z9*1.15<=75,75,IF(Z9*1.15<=112.5,112.5,IF(Z9*1.15<=150,150,IF(Z9*1.15<=225,225,300))))))) -> 75 | AC9: =IF(AB9="","",IFERROR(Z9/AB9,0)) -> 0.81566933 | AD9: =IF(Y9="","",IFERROR(INDEX(DIR_ATUAL[QT %],MATCH(Y9,DIR_ATUAL[PONTO],0)),0)) -> 0.070945192 | AE9: =IF(Z9="","",IFERROR(1-ABS(Z9-AA9)/$B$31,0)) -> 0.84609929 | AF9: =IF(Y9="","",IF($E$9>$E$8,IFERROR((INDEX(GERAL[SNAP],8)-$E$8)/($E$9-$E$8),0),0)) -> 0 | AG9: =IF(OR(Y9="",AH9<>"LADO 2"),"",$L$2*IFERROR(Z9/$B$31,0)+$L$3*IF($D$31>0,IFERROR(AD9/$D$31,0),0)+$L$4*IFERROR(AE9,0)-$L$5*IFERROR(AF9,0)-$L$6*MAX(0,IFERROR(AC9,0)-$L$7)+ROW()/1000000) -> 0.60016947 | AH9: =IFERROR(INDEX(GERAL[LADO],8),"") -> LADO 2
A10: LADO 1 - TOP CORTES | M10: 9 | N10: =IFERROR(IF(INDEX(GERAL[PONTO],M10)="","",INDEX(GERAL[PONTO],M10)),"") -> 7 | O10: =IF(N10="","",IFERROR(INDEX(GERAL[ACUMULADA],9),0)) -> 61.1752 | P10: =IF(O10="","",$B$11-O10) -> -20.5296 | Q10: =IF(O10="","",IF(O10*1.15<=30,30,IF(O10*1.15<=45,45,IF(O10*1.15<=75,75,IF(O10*1.15<=112.5,112.5,IF(O10*1.15<=150,150,IF(O10*1.15<=225,225,300))))))) -> 75 | R10: =IF(Q10="","",IFERROR(O10/Q10,0)) -> 0.81566933 | S10: =IF(N10="","",IFERROR(INDEX(Tabela7[QT %],MATCH(N10,Tabela7[PONTO],0)),0)) -> 0 | T10: =IF(O10="","",IFERROR(1-ABS(O10-P10)/$B$11,0)) -> -1.0101758 | U10: =IF(N10="","",IF($B$9>$B$8,IFERROR((INDEX(GERAL[SNAP],9)-$B$8)/($B$9-$B$8),0),0)) -> 0 | V10: =IF(OR(N10="",W10<>"LADO 1"),"",$L$2*IFERROR(O10/$B$11,0)+$L$3*IF($D$11>0,IFERROR(S10/$D$11,0),0)+$L$4*IFERROR(T10,0)-$L$5*IFERROR(U10,0)-$L$6*MAX(0,IFERROR(R10,0)-$L$7)+ROW()/1000000) | W10: =IFERROR(INDEX(GERAL[LADO],9),"") -> LADO 2 | Y10: =IFERROR(IF(INDEX(GERAL[PONTO],M10)="","",INDEX(GERAL[PONTO],M10)),"") -> 7 | Z10: =IF(Y10="","",IFERROR(INDEX(GERAL[ACUMULADA],9),0)) -> 61.1752 | AA10: =IF(Z10="","",$B$31-Z10) -> 44.8568 | AB10: =IF(Z10="","",IF(Z10*1.15<=30,30,IF(Z10*1.15<=45,45,IF(Z10*1.15<=75,75,IF(Z10*1.15<=112.5,112.5,IF(Z10*1.15<=150,150,IF(Z10*1.15<=225,225,300))))))) -> 75 | AC10: =IF(AB10="","",IFERROR(Z10/AB10,0)) -> 0.81566933 | AD10: =IF(Y10="","",IFERROR(INDEX(DIR_ATUAL[QT %],MATCH(Y10,DIR_ATUAL[PONTO],0)),0)) -> 0.10219776 | AE10: =IF(Z10="","",IFERROR(1-ABS(Z10-AA10)/$B$31,0)) -> 0.84609929 | AF10: =IF(Y10="","",IF($E$9>$E$8,IFERROR((INDEX(GERAL[SNAP],9)-$E$8)/($E$9-$E$8),0),0)) -> 0 | AG10: =IF(OR(Y10="",AH10<>"LADO 2"),"",$L$2*IFERROR(Z10/$B$31,0)+$L$3*IF($D$31>0,IFERROR(AD10/$D$31,0),0)+$L$4*IFERROR(AE10,0)-$L$5*IFERROR(AF10,0)-$L$6*MAX(0,IFERROR(AC10,0)-$L$7)+ROW()/1000000) -> 0.78457727 | AH10: =IFERROR(INDEX(GERAL[LADO],9),"") -> LADO 2
A11: TOTAL_LADO_KVA | B11: =E4 -> 40.6456 | C11: MAX_QT | D11: =IFERROR(MAX(Tabela7[QT %]),0) -> 0.083357652 | M11: 10 | N11: =IFERROR(IF(INDEX(GERAL[PONTO],M11)="","",INDEX(GERAL[PONTO],M11)),"") -> 8 | O11: =IF(N11="","",IFERROR(INDEX(GERAL[ACUMULADA],10),0)) -> 28.388 | P11: =IF(O11="","",$B$11-O11) -> 12.2576 | Q11: =IF(O11="","",IF(O11*1.15<=30,30,IF(O11*1.15<=45,45,IF(O11*1.15<=75,75,IF(O11*1.15<=112.5,112.5,IF(O11*1.15<=150,150,IF(O11*1.15<=225,225,300))))))) -> 45 | R11: =IF(Q11="","",IFERROR(O11/Q11,0)) -> 0.63084444 | S11: =IF(N11="","",IFERROR(INDEX(Tabela7[QT %],MATCH(N11,Tabela7[PONTO],0)),0)) -> 0 | T11: =IF(O11="","",IFERROR(1-ABS(O11-P11)/$B$11,0)) -> 0.60314524 | U11: =IF(N11="","",IF($B$9>$B$8,IFERROR((INDEX(GERAL[SNAP],10)-$B$8)/($B$9-$B$8),0),0)) -> 0 | V11: =IF(OR(N11="",W11<>"LADO 1"),"",$L$2*IFERROR(O11/$B$11,0)+$L$3*IF($D$11>0,IFERROR(S11/$D$11,0),0)+$L$4*IFERROR(T11,0)-$L$5*IFERROR(U11,0)-$L$6*MAX(0,IFERROR(R11,0)-$L$7)+ROW()/1000000) | W11: =IFERROR(INDEX(GERAL[LADO],10),"") -> LADO 2 | Y11: =IFERROR(IF(INDEX(GERAL[PONTO],M11)="","",INDEX(GERAL[PONTO],M11)),"") -> 8 | Z11: =IF(Y11="","",IFERROR(INDEX(GERAL[ACUMULADA],10),0)) -> 28.388 | AA11: =IF(Z11="","",$B$31-Z11) -> 77.644 | AB11: =IF(Z11="","",IF(Z11*1.15<=30,30,IF(Z11*1.15<=45,45,IF(Z11*1.15<=75,75,IF(Z11*1.15<=112.5,112.5,IF(Z11*1.15<=150,150,IF(Z11*1.15<=225,225,300))))))) -> 45 | AC11: =IF(AB11="","",IFERROR(Z11/AB11,0)) -> 0.63084444 | AD11: =IF(Y11="","",IFERROR(INDEX(DIR_ATUAL[QT %],MATCH(Y11,DIR_ATUAL[PONTO],0)),0)) -> 0.11433791 | AE11: =IF(Z11="","",IFERROR(1-ABS(Z11-AA11)/$B$31,0)) -> 0.53546099 | AF11: =IF(Y11="","",IF($E$9>$E$8,IFERROR((INDEX(GERAL[SNAP],10)-$E$8)/($E$9-$E$8),0),0)) -> 0 | AG11: =IF(OR(Y11="",AH11<>"LADO 2"),"",$L$2*IFERROR(Z11/$B$31,0)+$L$3*IF($D$31>0,IFERROR(AD11/$D$31,0),0)+$L$4*IFERROR(AE11,0)-$L$5*IFERROR(AF11,0)-$L$6*MAX(0,IFERROR(AC11,0)-$L$7)+ROW()/1000000) -> 0.76033924 | AH11: =IFERROR(INDEX(GERAL[LADO],10),"") -> LADO 2
M12: 11 | N12: =IFERROR(IF(INDEX(GERAL[PONTO],M12)="","",INDEX(GERAL[PONTO],M12)),"") -> 9 | O12: =IF(N12="","",IFERROR(INDEX(GERAL[ACUMULADA],11),0)) -> 7.2944 | P12: =IF(O12="","",$B$11-O12) -> 33.3512 | Q12: =IF(O12="","",IF(O12*1.15<=30,30,IF(O12*1.15<=45,45,IF(O12*1.15<=75,75,IF(O12*1.15<=112.5,112.5,IF(O12*1.15<=150,150,IF(O12*1.15<=225,225,300))))))) -> 30 | R12: =IF(Q12="","",IFERROR(O12/Q12,0)) -> 0.24314667 | S12: =IF(N12="","",IFERROR(INDEX(Tabela7[QT %],MATCH(N12,Tabela7[PONTO],0)),0)) -> 0 | T12: =IF(O12="","",IFERROR(1-ABS(O12-P12)/$B$11,0)) -> 0.35892692 | U12: =IF(N12="","",IF($B$9>$B$8,IFERROR((INDEX(GERAL[SNAP],11)-$B$8)/($B$9-$B$8),0),0)) -> 0 | V12: =IF(OR(N12="",W12<>"LADO 1"),"",$L$2*IFERROR(O12/$B$11,0)+$L$3*IF($D$11>0,IFERROR(S12/$D$11,0),0)+$L$4*IFERROR(T12,0)-$L$5*IFERROR(U12,0)-$L$6*MAX(0,IFERROR(R12,0)-$L$7)+ROW()/1000000) | W12: =IFERROR(INDEX(GERAL[LADO],11),"") -> LADO 2 | Y12: =IFERROR(IF(INDEX(GERAL[PONTO],M12)="","",INDEX(GERAL[PONTO],M12)),"") -> 9 | Z12: =IF(Y12="","",IFERROR(INDEX(GERAL[ACUMULADA],11),0)) -> 7.2944 | AA12: =IF(Z12="","",$B$31-Z12) -> 98.7376 | AB12: =IF(Z12="","",IF(Z12*1.15<=30,30,IF(Z12*1.15<=45,45,IF(Z12*1.15<=75,75,IF(Z12*1.15<=112.5,112.5,IF(Z12*1.15<=150,150,IF(Z12*1.15<=225,225,300))))))) -> 30 | AC12: =IF(AB12="","",IFERROR(Z12/AB12,0)) -> 0.24314667 | AD12: =IF(Y12="","",IFERROR(INDEX(DIR_ATUAL[QT %],MATCH(Y12,DIR_ATUAL[PONTO],0)),0)) -> 0.068728389 | AE12: =IF(Z12="","",IFERROR(1-ABS(Z12-AA12)/$B$31,0)) -> 0.13758865 | AF12: =IF(Y12="","",IF($E$9>$E$8,IFERROR((INDEX(GERAL[SNAP],11)-$E$8)/($E$9-$E$8),0),0)) -> 0 | AG12: =IF(OR(Y12="",AH12<>"LADO 2"),"",$L$2*IFERROR(Z12/$B$31,0)+$L$3*IF($D$31>0,IFERROR(AD12/$D$31,0),0)+$L$4*IFERROR(AE12,0)-$L$5*IFERROR(AF12,0)-$L$6*MAX(0,IFERROR(AC12,0)-$L$7)+ROW()/1000000) -> 0.42756023 | AH12: =IFERROR(INDEX(GERAL[LADO],11),"") -> LADO 2
A13: RANK | B13: PONTO | C13: SUB_KVA | D13: REM_KVA | E13: CAP_SUG | F13: SAT_NOVA | G13: QT_PONTO | H13: BAL | I13: DIST_NORM | J13: SCORE | M13: 12 | N13: =IFERROR(IF(INDEX(GERAL[PONTO],M13)="","",INDEX(GERAL[PONTO],M13)),"") | O13: =IF(N13="","",IFERROR(INDEX(GERAL[ACUMULADA],12),0)) | P13: =IF(O13="","",$B$11-O13) | Q13: =IF(O13="","",IF(O13*1.15<=30,30,IF(O13*1.15<=45,45,IF(O13*1.15<=75,75,IF(O13*1.15<=112.5,112.5,IF(O13*1.15<=150,150,IF(O13*1.15<=225,225,300))))))) | R13: =IF(Q13="","",IFERROR(O13/Q13,0)) | S13: =IF(N13="","",IFERROR(INDEX(Tabela7[QT %],MATCH(N13,Tabela7[PONTO],0)),0)) | T13: =IF(O13="","",IFERROR(1-ABS(O13-P13)/$B$11,0)) | U13: =IF(N13="","",IF($B$9>$B$8,IFERROR((INDEX(GERAL[SNAP],12)-$B$8)/($B$9-$B$8),0),0)) | V13: =IF(OR(N13="",W13<>"LADO 1"),"",$L$2*IFERROR(O13/$B$11,0)+$L$3*IF($D$11>0,IFERROR(S13/$D$11,0),0)+$L$4*IFERROR(T13,0)-$L$5*IFERROR(U13,0)-$L$6*MAX(0,IFERROR(R13,0)-$L$7)+ROW()/1000000) | W13: =IFERROR(INDEX(GERAL[LADO],12),"") -> 0 | Y13: =IFERROR(IF(INDEX(GERAL[PONTO],M13)="","",INDEX(GERAL[PONTO],M13)),"") | Z13: =IF(Y13="","",IFERROR(INDEX(GERAL[ACUMULADA],12),0)) | AA13: =IF(Z13="","",$B$31-Z13) | AB13: =IF(Z13="","",IF(Z13*1.15<=30,30,IF(Z13*1.15<=45,45,IF(Z13*1.15<=75,75,IF(Z13*1.15<=112.5,112.5,IF(Z13*1.15<=150,150,IF(Z13*1.15<=225,225,300))))))) | AC13: =IF(AB13="","",IFERROR(Z13/AB13,0)) | AD13: =IF(Y13="","",IFERROR(INDEX(DIR_ATUAL[QT %],MATCH(Y13,DIR_ATUAL[PONTO],0)),0)) | AE13: =IF(Z13="","",IFERROR(1-ABS(Z13-AA13)/$B$31,0)) | AF13: =IF(Y13="","",IF($E$9>$E$8,IFERROR((INDEX(GERAL[SNAP],12)-$E$8)/($E$9-$E$8),0),0)) | AG13: =IF(OR(Y13="",AH13<>"LADO 2"),"",$L$2*IFERROR(Z13/$B$31,0)+$L$3*IF($D$31>0,IFERROR(AD13/$D$31,0),0)+$L$4*IFERROR(AE13,0)-$L$5*IFERROR(AF13,0)-$L$6*MAX(0,IFERROR(AC13,0)-$L$7)+ROW()/1000000) | AH13: =IFERROR(INDEX(GERAL[LADO],12),"") -> 0
A14: 1 | B14: =IF($J14="","",INDEX($M$2:$M$188,MATCH($J14,$U$2:$U$188,0))) -> 1 | C14: =IF($J14="","",INDEX($N$2:$N$188,MATCH($J14,$U$2:$U$188,0))) -> 1 | D14: =IF($J14="","",INDEX($O$2:$O$188,MATCH($J14,$U$2:$U$188,0))) -> 127.70729 | E14: =IF($J14="","",INDEX($P$2:$P$188,MATCH($J14,$U$2:$U$188,0))) -> -87.061694 | F14: =IF($J14="","",INDEX($Q$2:$Q$188,MATCH($J14,$U$2:$U$188,0))) -> 150 | G14: =IF($J14="","",INDEX($R$2:$R$188,MATCH($J14,$U$2:$U$188,0))) -> 0.85138196 | H14: =IF($J14="","",INDEX($S$2:$S$188,MATCH($J14,$U$2:$U$188,0))) -> 0.049510527 | I14: =IF($J14="","",INDEX($T$2:$T$188,MATCH($J14,$U$2:$U$188,0))) -> -4.2839419 | J14: =IFERROR(LARGE($U$2:$U$188,A14),"") -> 0 | M14: 13 | N14: =IFERROR(IF(INDEX(GERAL[PONTO],M14)="","",INDEX(GERAL[PONTO],M14)),"") | O14: =IF(N14="","",IFERROR(INDEX(GERAL[ACUMULADA],13),0)) | P14: =IF(O14="","",$B$11-O14) | Q14: =IF(O14="","",IF(O14*1.15<=30,30,IF(O14*1.15<=45,45,IF(O14*1.15<=75,75,IF(O14*1.15<=112.5,112.5,IF(O14*1.15<=150,150,IF(O14*1.15<=225,225,300))))))) | R14: =IF(Q14="","",IFERROR(O14/Q14,0)) | S14: =IF(N14="","",IFERROR(INDEX(Tabela7[QT %],MATCH(N14,Tabela7[PONTO],0)),0)) | T14: =IF(O14="","",IFERROR(1-ABS(O14-P14)/$B$11,0)) | U14: =IF(N14="","",IF($B$9>$B$8,IFERROR((INDEX(GERAL[SNAP],13)-$B$8)/($B$9-$B$8),0),0)) | V14: =IF(OR(N14="",W14<>"LADO 1"),"",$L$2*IFERROR(O14/$B$11,0)+$L$3*IF($D$11>0,IFERROR(S14/$D$11,0),0)+$L$4*IFERROR(T14,0)-$L$5*IFERROR(U14,0)-$L$6*MAX(0,IFERROR(R14,0)-$L$7)+ROW()/1000000) | W14: =IFERROR(INDEX(GERAL[LADO],13),"") -> 0 | Y14: =IFERROR(IF(INDEX(GERAL[PONTO],M14)="","",INDEX(GERAL[PONTO],M14)),"") | Z14: =IF(Y14="","",IFERROR(INDEX(GERAL[ACUMULADA],13),0)) | AA14: =IF(Z14="","",$B$31-Z14) | AB14: =IF(Z14="","",IF(Z14*1.15<=30,30,IF(Z14*1.15<=45,45,IF(Z14*1.15<=75,75,IF(Z14*1.15<=112.5,112.5,IF(Z14*1.15<=150,150,IF(Z14*1.15<=225,225,300))))))) | AC14: =IF(AB14="","",IFERROR(Z14/AB14,0)) | AD14: =IF(Y14="","",IFERROR(INDEX(DIR_ATUAL[QT %],MATCH(Y14,DIR_ATUAL[PONTO],0)),0)) | AE14: =IF(Z14="","",IFERROR(1-ABS(Z14-AA14)/$B$31,0)) | AF14: =IF(Y14="","",IF($E$9>$E$8,IFERROR((INDEX(GERAL[SNAP],13)-$E$8)/($E$9-$E$8),0),0)) | AG14: =IF(OR(Y14="",AH14<>"LADO 2"),"",$L$2*IFERROR(Z14/$B$31,0)+$L$3*IF($D$31>0,IFERROR(AD14/$D$31,0),0)+$L$4*IFERROR(AE14,0)-$L$5*IFERROR(AF14,0)-$L$6*MAX(0,IFERROR(AC14,0)-$L$7)+ROW()/1000000) | AH14: =IFERROR(INDEX(GERAL[LADO],13),"") -> 0
A15: 2 | B15: =IF($J15="","",INDEX($M$2:$M$188,MATCH($J15,$U$2:$U$188,0))) -> 1 | C15: =IF($J15="","",INDEX($N$2:$N$188,MATCH($J15,$U$2:$U$188,0))) -> 1 | D15: =IF($J15="","",INDEX($O$2:$O$188,MATCH($J15,$U$2:$U$188,0))) -> 127.70729 | E15: =IF($J15="","",INDEX($P$2:$P$188,MATCH($J15,$U$2:$U$188,0))) -> -87.061694 | F15: =IF($J15="","",INDEX($Q$2:$Q$188,MATCH($J15,$U$2:$U$188,0))) -> 150 | G15: =IF($J15="","",INDEX($R$2:$R$188,MATCH($J15,$U$2:$U$188,0))) -> 0.85138196 | H15: =IF($J15="","",INDEX($S$2:$S$188,MATCH($J15,$U$2:$U$188,0))) -> 0.049510527 | I15: =IF($J15="","",INDEX($T$2:$T$188,MATCH($J15,$U$2:$U$188,0))) -> -4.2839419 | J15: =IFERROR(LARGE($U$2:$U$188,A15),"") -> 0 | M15: 14 | N15: =IFERROR(IF(INDEX(GERAL[PONTO],M15)="","",INDEX(GERAL[PONTO],M15)),"") | O15: =IF(N15="","",IFERROR(INDEX(GERAL[ACUMULADA],14),0)) | P15: =IF(O15="","",$B$11-O15) | Q15: =IF(O15="","",IF(O15*1.15<=30,30,IF(O15*1.15<=45,45,IF(O15*1.15<=75,75,IF(O15*1.15<=112.5,112.5,IF(O15*1.15<=150,150,IF(O15*1.15<=225,225,300))))))) | R15: =IF(Q15="","",IFERROR(O15/Q15,0)) | S15: =IF(N15="","",IFERROR(INDEX(Tabela7[QT %],MATCH(N15,Tabela7[PONTO],0)),0)) | T15: =IF(O15="","",IFERROR(1-ABS(O15-P15)/$B$11,0)) | U15: =IF(N15="","",IF($B$9>$B$8,IFERROR((INDEX(GERAL[SNAP],14)-$B$8)/($B$9-$B$8),0),0)) | V15: =IF(OR(N15="",W15<>"LADO 1"),"",$L$2*IFERROR(O15/$B$11,0)+$L$3*IF($D$11>0,IFERROR(S15/$D$11,0),0)+$L$4*IFERROR(T15,0)-$L$5*IFERROR(U15,0)-$L$6*MAX(0,IFERROR(R15,0)-$L$7)+ROW()/1000000) | W15: =IFERROR(INDEX(GERAL[LADO],14),"") -> 0 | Y15: =IFERROR(IF(INDEX(GERAL[PONTO],M15)="","",INDEX(GERAL[PONTO],M15)),"") | Z15: =IF(Y15="","",IFERROR(INDEX(GERAL[ACUMULADA],14),0)) | AA15: =IF(Z15="","",$B$31-Z15) | AB15: =IF(Z15="","",IF(Z15*1.15<=30,30,IF(Z15*1.15<=45,45,IF(Z15*1.15<=75,75,IF(Z15*1.15<=112.5,112.5,IF(Z15*1.15<=150,150,IF(Z15*1.15<=225,225,300))))))) | AC15: =IF(AB15="","",IFERROR(Z15/AB15,0)) | AD15: =IF(Y15="","",IFERROR(INDEX(DIR_ATUAL[QT %],MATCH(Y15,DIR_ATUAL[PONTO],0)),0)) | AE15: =IF(Z15="","",IFERROR(1-ABS(Z15-AA15)/$B$31,0)) | AF15: =IF(Y15="","",IF($E$9>$E$8,IFERROR((INDEX(GERAL[SNAP],14)-$E$8)/($E$9-$E$8),0),0)) | AG15: =IF(OR(Y15="",AH15<>"LADO 2"),"",$L$2*IFERROR(Z15/$B$31,0)+$L$3*IF($D$31>0,IFERROR(AD15/$D$31,0),0)+$L$4*IFERROR(AE15,0)-$L$5*IFERROR(AF15,0)-$L$6*MAX(0,IFERROR(AC15,0)-$L$7)+ROW()/1000000) | AH15: =IFERROR(INDEX(GERAL[LADO],14),"") -> 0
A16: 3 | B16: =IF($J16="","",INDEX($M$2:$M$188,MATCH($J16,$U$2:$U$188,0))) -> 1 | C16: =IF($J16="","",INDEX($N$2:$N$188,MATCH($J16,$U$2:$U$188,0))) -> 1 | D16: =IF($J16="","",INDEX($O$2:$O$188,MATCH($J16,$U$2:$U$188,0))) -> 127.70729 | E16: =IF($J16="","",INDEX($P$2:$P$188,MATCH($J16,$U$2:$U$188,0))) -> -87.061694 | F16: =IF($J16="","",INDEX($Q$2:$Q$188,MATCH($J16,$U$2:$U$188,0))) -> 150 | G16: =IF($J16="","",INDEX($R$2:$R$188,MATCH($J16,$U$2:$U$188,0))) -> 0.85138196 | H16: =IF($J16="","",INDEX($S$2:$S$188,MATCH($J16,$U$2:$U$188,0))) -> 0.049510527 | I16: =IF($J16="","",INDEX($T$2:$T$188,MATCH($J16,$U$2:$U$188,0))) -> -4.2839419 | J16: =IFERROR(LARGE($U$2:$U$188,A16),"") -> 0 | M16: 15 | N16: =IFERROR(IF(INDEX(GERAL[PONTO],M16)="","",INDEX(GERAL[PONTO],M16)),"") | O16: =IF(N16="","",IFERROR(INDEX(GERAL[ACUMULADA],15),0)) | P16: =IF(O16="","",$B$11-O16) | Q16: =IF(O16="","",IF(O16*1.15<=30,30,IF(O16*1.15<=45,45,IF(O16*1.15<=75,75,IF(O16*1.15<=112.5,112.5,IF(O16*1.15<=150,150,IF(O16*1.15<=225,225,300))))))) | R16: =IF(Q16="","",IFERROR(O16/Q16,0)) | S16: =IF(N16="","",IFERROR(INDEX(Tabela7[QT %],MATCH(N16,Tabela7[PONTO],0)),0)) | T16: =IF(O16="","",IFERROR(1-ABS(O16-P16)/$B$11,0)) | U16: =IF(N16="","",IF($B$9>$B$8,IFERROR((INDEX(GERAL[SNAP],15)-$B$8)/($B$9-$B$8),0),0)) | V16: =IF(OR(N16="",W16<>"LADO 1"),"",$L$2*IFERROR(O16/$B$11,0)+$L$3*IF($D$11>0,IFERROR(S16/$D$11,0),0)+$L$4*IFERROR(T16,0)-$L$5*IFERROR(U16,0)-$L$6*MAX(0,IFERROR(R16,0)-$L$7)+ROW()/1000000) | W16: =IFERROR(INDEX(GERAL[LADO],15),"") -> 0 | Y16: =IFERROR(IF(INDEX(GERAL[PONTO],M16)="","",INDEX(GERAL[PONTO],M16)),"") | Z16: =IF(Y16="","",IFERROR(INDEX(GERAL[ACUMULADA],15),0)) | AA16: =IF(Z16="","",$B$31-Z16) | AB16: =IF(Z16="","",IF(Z16*1.15<=30,30,IF(Z16*1.15<=45,45,IF(Z16*1.15<=75,75,IF(Z16*1.15<=112.5,112.5,IF(Z16*1.15<=150,150,IF(Z16*1.15<=225,225,300))))))) | AC16: =IF(AB16="","",IFERROR(Z16/AB16,0)) | AD16: =IF(Y16="","",IFERROR(INDEX(DIR_ATUAL[QT %],MATCH(Y16,DIR_ATUAL[PONTO],0)),0)) | AE16: =IF(Z16="","",IFERROR(1-ABS(Z16-AA16)/$B$31,0)) | AF16: =IF(Y16="","",IF($E$9>$E$8,IFERROR((INDEX(GERAL[SNAP],15)-$E$8)/($E$9-$E$8),0),0)) | AG16: =IF(OR(Y16="",AH16<>"LADO 2"),"",$L$2*IFERROR(Z16/$B$31,0)+$L$3*IF($D$31>0,IFERROR(AD16/$D$31,0),0)+$L$4*IFERROR(AE16,0)-$L$5*IFERROR(AF16,0)-$L$6*MAX(0,IFERROR(AC16,0)-$L$7)+ROW()/1000000) | AH16: =IFERROR(INDEX(GERAL[LADO],15),"") -> 0
A17: 4 | B17: =IF($J17="","",INDEX($M$2:$M$188,MATCH($J17,$U$2:$U$188,0))) -> 1 | C17: =IF($J17="","",INDEX($N$2:$N$188,MATCH($J17,$U$2:$U$188,0))) -> 1 | D17: =IF($J17="","",INDEX($O$2:$O$188,MATCH($J17,$U$2:$U$188,0))) -> 127.70729 | E17: =IF($J17="","",INDEX($P$2:$P$188,MATCH($J17,$U$2:$U$188,0))) -> -87.061694 | F17: =IF($J17="","",INDEX($Q$2:$Q$188,MATCH($J17,$U$2:$U$188,0))) -> 150 | G17: =IF($J17="","",INDEX($R$2:$R$188,MATCH($J17,$U$2:$U$188,0))) -> 0.85138196 | H17: =IF($J17="","",INDEX($S$2:$S$188,MATCH($J17,$U$2:$U$188,0))) -> 0.049510527 | I17: =IF($J17="","",INDEX($T$2:$T$188,MATCH($J17,$U$2:$U$188,0))) -> -4.2839419 | J17: =IFERROR(LARGE($U$2:$U$188,A17),"") -> 0 | M17: 16 | N17: =IFERROR(IF(INDEX(GERAL[PONTO],M17)="","",INDEX(GERAL[PONTO],M17)),"") | O17: =IF(N17="","",IFERROR(INDEX(GERAL[ACUMULADA],16),0)) | P17: =IF(O17="","",$B$11-O17) | Q17: =IF(O17="","",IF(O17*1.15<=30,30,IF(O17*1.15<=45,45,IF(O17*1.15<=75,75,IF(O17*1.15<=112.5,112.5,IF(O17*1.15<=150,150,IF(O17*1.15<=225,225,300))))))) | R17: =IF(Q17="","",IFERROR(O17/Q17,0)) | S17: =IF(N17="","",IFERROR(INDEX(Tabela7[QT %],MATCH(N17,Tabela7[PONTO],0)),0)) | T17: =IF(O17="","",IFERROR(1-ABS(O17-P17)/$B$11,0)) | U17: =IF(N17="","",IF($B$9>$B$8,IFERROR((INDEX(GERAL[SNAP],16)-$B$8)/($B$9-$B$8),0),0)) | V17: =IF(OR(N17="",W17<>"LADO 1"),"",$L$2*IFERROR(O17/$B$11,0)+$L$3*IF($D$11>0,IFERROR(S17/$D$11,0),0)+$L$4*IFERROR(T17,0)-$L$5*IFERROR(U17,0)-$L$6*MAX(0,IFERROR(R17,0)-$L$7)+ROW()/1000000) | W17: =IFERROR(INDEX(GERAL[LADO],16),"") -> 0 | Y17: =IFERROR(IF(INDEX(GERAL[PONTO],M17)="","",INDEX(GERAL[PONTO],M17)),"") | Z17: =IF(Y17="","",IFERROR(INDEX(GERAL[ACUMULADA],16),0)) | AA17: =IF(Z17="","",$B$31-Z17) | AB17: =IF(Z17="","",IF(Z17*1.15<=30,30,IF(Z17*1.15<=45,45,IF(Z17*1.15<=75,75,IF(Z17*1.15<=112.5,112.5,IF(Z17*1.15<=150,150,IF(Z17*1.15<=225,225,300))))))) | AC17: =IF(AB17="","",IFERROR(Z17/AB17,0)) | AD17: =IF(Y17="","",IFERROR(INDEX(DIR_ATUAL[QT %],MATCH(Y17,DIR_ATUAL[PONTO],0)),0)) | AE17: =IF(Z17="","",IFERROR(1-ABS(Z17-AA17)/$B$31,0)) | AF17: =IF(Y17="","",IF($E$9>$E$8,IFERROR((INDEX(GERAL[SNAP],16)-$E$8)/($E$9-$E$8),0),0)) | AG17: =IF(OR(Y17="",AH17<>"LADO 2"),"",$L$2*IFERROR(Z17/$B$31,0)+$L$3*IF($D$31>0,IFERROR(AD17/$D$31,0),0)+$L$4*IFERROR(AE17,0)-$L$5*IFERROR(AF17,0)-$L$6*MAX(0,IFERROR(AC17,0)-$L$7)+ROW()/1000000) | AH17: =IFERROR(INDEX(GERAL[LADO],16),"") -> 0
A18: 5 | B18: =IF($J18="","",INDEX($M$2:$M$188,MATCH($J18,$U$2:$U$188,0))) -> 1 | C18: =IF($J18="","",INDEX($N$2:$N$188,MATCH($J18,$U$2:$U$188,0))) -> 1 | D18: =IF($J18="","",INDEX($O$2:$O$188,MATCH($J18,$U$2:$U$188,0))) -> 127.70729 | E18: =IF($J18="","",INDEX($P$2:$P$188,MATCH($J18,$U$2:$U$188,0))) -> -87.061694 | F18: =IF($J18="","",INDEX($Q$2:$Q$188,MATCH($J18,$U$2:$U$188,0))) -> 150 | G18: =IF($J18="","",INDEX($R$2:$R$188,MATCH($J18,$U$2:$U$188,0))) -> 0.85138196 | H18: =IF($J18="","",INDEX($S$2:$S$188,MATCH($J18,$U$2:$U$188,0))) -> 0.049510527 | I18: =IF($J18="","",INDEX($T$2:$T$188,MATCH($J18,$U$2:$U$188,0))) -> -4.2839419 | J18: =IFERROR(LARGE($U$2:$U$188,A18),"") -> 0 | M18: 17 | N18: =IFERROR(IF(INDEX(GERAL[PONTO],M18)="","",INDEX(GERAL[PONTO],M18)),"") | O18: =IF(N18="","",IFERROR(INDEX(GERAL[ACUMULADA],17),0)) | P18: =IF(O18="","",$B$11-O18) | Q18: =IF(O18="","",IF(O18*1.15<=30,30,IF(O18*1.15<=45,45,IF(O18*1.15<=75,75,IF(O18*1.15<=112.5,112.5,IF(O18*1.15<=150,150,IF(O18*1.15<=225,225,300))))))) | R18: =IF(Q18="","",IFERROR(O18/Q18,0)) | S18: =IF(N18="","",IFERROR(INDEX(Tabela7[QT %],MATCH(N18,Tabela7[PONTO],0)),0)) | T18: =IF(O18="","",IFERROR(1-ABS(O18-P18)/$B$11,0)) | U18: =IF(N18="","",IF($B$9>$B$8,IFERROR((INDEX(GERAL[SNAP],17)-$B$8)/($B$9-$B$8),0),0)) | V18: =IF(OR(N18="",W18<>"LADO 1"),"",$L$2*IFERROR(O18/$B$11,0)+$L$3*IF($D$11>0,IFERROR(S18/$D$11,0),0)+$L$4*IFERROR(T18,0)-$L$5*IFERROR(U18,0)-$L$6*MAX(0,IFERROR(R18,0)-$L$7)+ROW()/1000000) | W18: =IFERROR(INDEX(GERAL[LADO],17),"") -> 0 | Y18: =IFERROR(IF(INDEX(GERAL[PONTO],M18)="","",INDEX(GERAL[PONTO],M18)),"") | Z18: =IF(Y18="","",IFERROR(INDEX(GERAL[ACUMULADA],17),0)) | AA18: =IF(Z18="","",$B$31-Z18) | AB18: =IF(Z18="","",IF(Z18*1.15<=30,30,IF(Z18*1.15<=45,45,IF(Z18*1.15<=75,75,IF(Z18*1.15<=112.5,112.5,IF(Z18*1.15<=150,150,IF(Z18*1.15<=225,225,300))))))) | AC18: =IF(AB18="","",IFERROR(Z18/AB18,0)) | AD18: =IF(Y18="","",IFERROR(INDEX(DIR_ATUAL[QT %],MATCH(Y18,DIR_ATUAL[PONTO],0)),0)) | AE18: =IF(Z18="","",IFERROR(1-ABS(Z18-AA18)/$B$31,0)) | AF18: =IF(Y18="","",IF($E$9>$E$8,IFERROR((INDEX(GERAL[SNAP],17)-$E$8)/($E$9-$E$8),0),0)) | AG18: =IF(OR(Y18="",AH18<>"LADO 2"),"",$L$2*IFERROR(Z18/$B$31,0)+$L$3*IF($D$31>0,IFERROR(AD18/$D$31,0),0)+$L$4*IFERROR(AE18,0)-$L$5*IFERROR(AF18,0)-$L$6*MAX(0,IFERROR(AC18,0)-$L$7)+ROW()/1000000) | AH18: =IFERROR(INDEX(GERAL[LADO],17),"") -> 0
A19: 6 | B19: =IF($J19="","",INDEX($M$2:$M$188,MATCH($J19,$U$2:$U$188,0))) -> 1 | C19: =IF($J19="","",INDEX($N$2:$N$188,MATCH($J19,$U$2:$U$188,0))) -> 1 | D19: =IF($J19="","",INDEX($O$2:$O$188,MATCH($J19,$U$2:$U$188,0))) -> 127.70729 | E19: =IF($J19="","",INDEX($P$2:$P$188,MATCH($J19,$U$2:$U$188,0))) -> -87.061694 | F19: =IF($J19="","",INDEX($Q$2:$Q$188,MATCH($J19,$U$2:$U$188,0))) -> 150 | G19: =IF($J19="","",INDEX($R$2:$R$188,MATCH($J19,$U$2:$U$188,0))) -> 0.85138196 | H19: =IF($J19="","",INDEX($S$2:$S$188,MATCH($J19,$U$2:$U$188,0))) -> 0.049510527 | I19: =IF($J19="","",INDEX($T$2:$T$188,MATCH($J19,$U$2:$U$188,0))) -> -4.2839419 | J19: =IFERROR(LARGE($U$2:$U$188,A19),"") -> 0 | M19: 18 | N19: =IFERROR(IF(INDEX(GERAL[PONTO],M19)="","",INDEX(GERAL[PONTO],M19)),"") | O19: =IF(N19="","",IFERROR(INDEX(GERAL[ACUMULADA],18),0)) | P19: =IF(O19="","",$B$11-O19) | Q19: =IF(O19="","",IF(O19*1.15<=30,30,IF(O19*1.15<=45,45,IF(O19*1.15<=75,75,IF(O19*1.15<=112.5,112.5,IF(O19*1.15<=150,150,IF(O19*1.15<=225,225,300))))))) | R19: =IF(Q19="","",IFERROR(O19/Q19,0)) | S19: =IF(N19="","",IFERROR(INDEX(Tabela7[QT %],MATCH(N19,Tabela7[PONTO],0)),0)) | T19: =IF(O19="","",IFERROR(1-ABS(O19-P19)/$B$11,0)) | U19: =IF(N19="","",IF($B$9>$B$8,IFERROR((INDEX(GERAL[SNAP],18)-$B$8)/($B$9-$B$8),0),0)) | V19: =IF(OR(N19="",W19<>"LADO 1"),"",$L$2*IFERROR(O19/$B$11,0)+$L$3*IF($D$11>0,IFERROR(S19/$D$11,0),0)+$L$4*IFERROR(T19,0)-$L$5*IFERROR(U19,0)-$L$6*MAX(0,IFERROR(R19,0)-$L$7)+ROW()/1000000) | W19: =IFERROR(INDEX(GERAL[LADO],18),"") -> 0 | Y19: =IFERROR(IF(INDEX(GERAL[PONTO],M19)="","",INDEX(GERAL[PONTO],M19)),"") | Z19: =IF(Y19="","",IFERROR(INDEX(GERAL[ACUMULADA],18),0)) | AA19: =IF(Z19="","",$B$31-Z19) | AB19: =IF(Z19="","",IF(Z19*1.15<=30,30,IF(Z19*1.15<=45,45,IF(Z19*1.15<=75,75,IF(Z19*1.15<=112.5,112.5,IF(Z19*1.15<=150,150,IF(Z19*1.15<=225,225,300))))))) | AC19: =IF(AB19="","",IFERROR(Z19/AB19,0)) | AD19: =IF(Y19="","",IFERROR(INDEX(DIR_ATUAL[QT %],MATCH(Y19,DIR_ATUAL[PONTO],0)),0)) | AE19: =IF(Z19="","",IFERROR(1-ABS(Z19-AA19)/$B$31,0)) | AF19: =IF(Y19="","",IF($E$9>$E$8,IFERROR((INDEX(GERAL[SNAP],18)-$E$8)/($E$9-$E$8),0),0)) | AG19: =IF(OR(Y19="",AH19<>"LADO 2"),"",$L$2*IFERROR(Z19/$B$31,0)+$L$3*IF($D$31>0,IFERROR(AD19/$D$31,0),0)+$L$4*IFERROR(AE19,0)-$L$5*IFERROR(AF19,0)-$L$6*MAX(0,IFERROR(AC19,0)-$L$7)+ROW()/1000000) | AH19: =IFERROR(INDEX(GERAL[LADO],18),"") -> 0
A20: 7 | B20: =IF($J20="","",INDEX($M$2:$M$188,MATCH($J20,$U$2:$U$188,0))) -> 1 | C20: =IF($J20="","",INDEX($N$2:$N$188,MATCH($J20,$U$2:$U$188,0))) -> 1 | D20: =IF($J20="","",INDEX($O$2:$O$188,MATCH($J20,$U$2:$U$188,0))) -> 127.70729 | E20: =IF($J20="","",INDEX($P$2:$P$188,MATCH($J20,$U$2:$U$188,0))) -> -87.061694 | F20: =IF($J20="","",INDEX($Q$2:$Q$188,MATCH($J20,$U$2:$U$188,0))) -> 150 | G20: =IF($J20="","",INDEX($R$2:$R$188,MATCH($J20,$U$2:$U$188,0))) -> 0.85138196 | H20: =IF($J20="","",INDEX($S$2:$S$188,MATCH($J20,$U$2:$U$188,0))) -> 0.049510527 | I20: =IF($J20="","",INDEX($T$2:$T$188,MATCH($J20,$U$2:$U$188,0))) -> -4.2839419 | J20: =IFERROR(LARGE($U$2:$U$188,A20),"") -> 0 | M20: 19 | N20: =IFERROR(IF(INDEX(GERAL[PONTO],M20)="","",INDEX(GERAL[PONTO],M20)),"") | O20: =IF(N20="","",IFERROR(INDEX(GERAL[ACUMULADA],19),0)) | P20: =IF(O20="","",$B$11-O20) | Q20: =IF(O20="","",IF(O20*1.15<=30,30,IF(O20*1.15<=45,45,IF(O20*1.15<=75,75,IF(O20*1.15<=112.5,112.5,IF(O20*1.15<=150,150,IF(O20*1.15<=225,225,300))))))) | R20: =IF(Q20="","",IFERROR(O20/Q20,0)) | S20: =IF(N20="","",IFERROR(INDEX(Tabela7[QT %],MATCH(N20,Tabela7[PONTO],0)),0)) | T20: =IF(O20="","",IFERROR(1-ABS(O20-P20)/$B$11,0)) | U20: =IF(N20="","",IF($B$9>$B$8,IFERROR((INDEX(GERAL[SNAP],19)-$B$8)/($B$9-$B$8),0),0)) | V20: =IF(OR(N20="",W20<>"LADO 1"),"",$L$2*IFERROR(O20/$B$11,0)+$L$3*IF($D$11>0,IFERROR(S20/$D$11,0),0)+$L$4*IFERROR(T20,0)-$L$5*IFERROR(U20,0)-$L$6*MAX(0,IFERROR(R20,0)-$L$7)+ROW()/1000000) | W20: =IFERROR(INDEX(GERAL[LADO],19),"") -> 0 | Y20: =IFERROR(IF(INDEX(GERAL[PONTO],M20)="","",INDEX(GERAL[PONTO],M20)),"") | Z20: =IF(Y20="","",IFERROR(INDEX(GERAL[ACUMULADA],19),0)) | AA20: =IF(Z20="","",$B$31-Z20) | AB20: =IF(Z20="","",IF(Z20*1.15<=30,30,IF(Z20*1.15<=45,45,IF(Z20*1.15<=75,75,IF(Z20*1.15<=112.5,112.5,IF(Z20*1.15<=150,150,IF(Z20*1.15<=225,225,300))))))) | AC20: =IF(AB20="","",IFERROR(Z20/AB20,0)) | AD20: =IF(Y20="","",IFERROR(INDEX(DIR_ATUAL[QT %],MATCH(Y20,DIR_ATUAL[PONTO],0)),0)) | AE20: =IF(Z20="","",IFERROR(1-ABS(Z20-AA20)/$B$31,0)) | AF20: =IF(Y20="","",IF($E$9>$E$8,IFERROR((INDEX(GERAL[SNAP],19)-$E$8)/($E$9-$E$8),0),0)) | AG20: =IF(OR(Y20="",AH20<>"LADO 2"),"",$L$2*IFERROR(Z20/$B$31,0)+$L$3*IF($D$31>0,IFERROR(AD20/$D$31,0),0)+$L$4*IFERROR(AE20,0)-$L$5*IFERROR(AF20,0)-$L$6*MAX(0,IFERROR(AC20,0)-$L$7)+ROW()/1000000) | AH20: =IFERROR(INDEX(GERAL[LADO],19),"") -> 0
A21: 8 | B21: =IF($J21="","",INDEX($M$2:$M$188,MATCH($J21,$U$2:$U$188,0))) -> 1 | C21: =IF($J21="","",INDEX($N$2:$N$188,MATCH($J21,$U$2:$U$188,0))) -> 1 | D21: =IF($J21="","",INDEX($O$2:$O$188,MATCH($J21,$U$2:$U$188,0))) -> 127.70729 | E21: =IF($J21="","",INDEX($P$2:$P$188,MATCH($J21,$U$2:$U$188,0))) -> -87.061694 | F21: =IF($J21="","",INDEX($Q$2:$Q$188,MATCH($J21,$U$2:$U$188,0))) -> 150 | G21: =IF($J21="","",INDEX($R$2:$R$188,MATCH($J21,$U$2:$U$188,0))) -> 0.85138196 | H21: =IF($J21="","",INDEX($S$2:$S$188,MATCH($J21,$U$2:$U$188,0))) -> 0.049510527 | I21: =IF($J21="","",INDEX($T$2:$T$188,MATCH($J21,$U$2:$U$188,0))) -> -4.2839419 | J21: =IFERROR(LARGE($U$2:$U$188,A21),"") -> 0 | M21: 20 | N21: =IFERROR(IF(INDEX(GERAL[PONTO],M21)="","",INDEX(GERAL[PONTO],M21)),"") | O21: =IF(N21="","",IFERROR(INDEX(GERAL[ACUMULADA],20),0)) | P21: =IF(O21="","",$B$11-O21) | Q21: =IF(O21="","",IF(O21*1.15<=30,30,IF(O21*1.15<=45,45,IF(O21*1.15<=75,75,IF(O21*1.15<=112.5,112.5,IF(O21*1.15<=150,150,IF(O21*1.15<=225,225,300))))))) | R21: =IF(Q21="","",IFERROR(O21/Q21,0)) | S21: =IF(N21="","",IFERROR(INDEX(Tabela7[QT %],MATCH(N21,Tabela7[PONTO],0)),0)) | T21: =IF(O21="","",IFERROR(1-ABS(O21-P21)/$B$11,0)) | U21: =IF(N21="","",IF($B$9>$B$8,IFERROR((INDEX(GERAL[SNAP],20)-$B$8)/($B$9-$B$8),0),0)) | V21: =IF(OR(N21="",W21<>"LADO 1"),"",$L$2*IFERROR(O21/$B$11,0)+$L$3*IF($D$11>0,IFERROR(S21/$D$11,0),0)+$L$4*IFERROR(T21,0)-$L$5*IFERROR(U21,0)-$L$6*MAX(0,IFERROR(R21,0)-$L$7)+ROW()/1000000) | W21: =IFERROR(INDEX(GERAL[LADO],20),"") -> 0 | Y21: =IFERROR(IF(INDEX(GERAL[PONTO],M21)="","",INDEX(GERAL[PONTO],M21)),"") | Z21: =IF(Y21="","",IFERROR(INDEX(GERAL[ACUMULADA],20),0)) | AA21: =IF(Z21="","",$B$31-Z21) | AB21: =IF(Z21="","",IF(Z21*1.15<=30,30,IF(Z21*1.15<=45,45,IF(Z21*1.15<=75,75,IF(Z21*1.15<=112.5,112.5,IF(Z21*1.15<=150,150,IF(Z21*1.15<=225,225,300))))))) | AC21: =IF(AB21="","",IFERROR(Z21/AB21,0)) | AD21: =IF(Y21="","",IFERROR(INDEX(DIR_ATUAL[QT %],MATCH(Y21,DIR_ATUAL[PONTO],0)),0)) | AE21: =IF(Z21="","",IFERROR(1-ABS(Z21-AA21)/$B$31,0)) | AF21: =IF(Y21="","",IF($E$9>$E$8,IFERROR((INDEX(GERAL[SNAP],20)-$E$8)/($E$9-$E$8),0),0)) | AG21: =IF(OR(Y21="",AH21<>"LADO 2"),"",$L$2*IFERROR(Z21/$B$31,0)+$L$3*IF($D$31>0,IFERROR(AD21/$D$31,0),0)+$L$4*IFERROR(AE21,0)-$L$5*IFERROR(AF21,0)-$L$6*MAX(0,IFERROR(AC21,0)-$L$7)+ROW()/1000000) | AH21: =IFERROR(INDEX(GERAL[LADO],20),"") -> 0
A22: 9 | B22: =IF($J22="","",INDEX($M$2:$M$188,MATCH($J22,$U$2:$U$188,0))) -> 1 | C22: =IF($J22="","",INDEX($N$2:$N$188,MATCH($J22,$U$2:$U$188,0))) -> 1 | D22: =IF($J22="","",INDEX($O$2:$O$188,MATCH($J22,$U$2:$U$188,0))) -> 127.70729 | E22: =IF($J22="","",INDEX($P$2:$P$188,MATCH($J22,$U$2:$U$188,0))) -> -87.061694 | F22: =IF($J22="","",INDEX($Q$2:$Q$188,MATCH($J22,$U$2:$U$188,0))) -> 150 | G22: =IF($J22="","",INDEX($R$2:$R$188,MATCH($J22,$U$2:$U$188,0))) -> 0.85138196 | H22: =IF($J22="","",INDEX($S$2:$S$188,MATCH($J22,$U$2:$U$188,0))) -> 0.049510527 | I22: =IF($J22="","",INDEX($T$2:$T$188,MATCH($J22,$U$2:$U$188,0))) -> -4.2839419 | J22: =IFERROR(LARGE($U$2:$U$188,A22),"") -> 0 | M22: 21 | N22: =IFERROR(IF(INDEX(GERAL[PONTO],M22)="","",INDEX(GERAL[PONTO],M22)),"") | O22: =IF(N22="","",IFERROR(INDEX(GERAL[ACUMULADA],21),0)) | P22: =IF(O22="","",$B$11-O22) | Q22: =IF(O22="","",IF(O22*1.15<=30,30,IF(O22*1.15<=45,45,IF(O22*1.15<=75,75,IF(O22*1.15<=112.5,112.5,IF(O22*1.15<=150,150,IF(O22*1.15<=225,225,300))))))) | R22: =IF(Q22="","",IFERROR(O22/Q22,0)) | S22: =IF(N22="","",IFERROR(INDEX(Tabela7[QT %],MATCH(N22,Tabela7[PONTO],0)),0)) | T22: =IF(O22="","",IFERROR(1-ABS(O22-P22)/$B$11,0)) | U22: =IF(N22="","",IF($B$9>$B$8,IFERROR((INDEX(GERAL[SNAP],21)-$B$8)/($B$9-$B$8),0),0)) | V22: =IF(OR(N22="",W22<>"LADO 1"),"",$L$2*IFERROR(O22/$B$11,0)+$L$3*IF($D$11>0,IFERROR(S22/$D$11,0),0)+$L$4*IFERROR(T22,0)-$L$5*IFERROR(U22,0)-$L$6*MAX(0,IFERROR(R22,0)-$L$7)+ROW()/1000000) | W22: =IFERROR(INDEX(GERAL[LADO],21),"") -> 0 | Y22: =IFERROR(IF(INDEX(GERAL[PONTO],M22)="","",INDEX(GERAL[PONTO],M22)),"") | Z22: =IF(Y22="","",IFERROR(INDEX(GERAL[ACUMULADA],21),0)) | AA22: =IF(Z22="","",$B$31-Z22) | AB22: =IF(Z22="","",IF(Z22*1.15<=30,30,IF(Z22*1.15<=45,45,IF(Z22*1.15<=75,75,IF(Z22*1.15<=112.5,112.5,IF(Z22*1.15<=150,150,IF(Z22*1.15<=225,225,300))))))) | AC22: =IF(AB22="","",IFERROR(Z22/AB22,0)) | AD22: =IF(Y22="","",IFERROR(INDEX(DIR_ATUAL[QT %],MATCH(Y22,DIR_ATUAL[PONTO],0)),0)) | AE22: =IF(Z22="","",IFERROR(1-ABS(Z22-AA22)/$B$31,0)) | AF22: =IF(Y22="","",IF($E$9>$E$8,IFERROR((INDEX(GERAL[SNAP],21)-$E$8)/($E$9-$E$8),0),0)) | AG22: =IF(OR(Y22="",AH22<>"LADO 2"),"",$L$2*IFERROR(Z22/$B$31,0)+$L$3*IF($D$31>0,IFERROR(AD22/$D$31,0),0)+$L$4*IFERROR(AE22,0)-$L$5*IFERROR(AF22,0)-$L$6*MAX(0,IFERROR(AC22,0)-$L$7)+ROW()/1000000) | AH22: =IFERROR(INDEX(GERAL[LADO],21),"") -> 0
A23: 10 | B23: =IF($J23="","",INDEX($M$2:$M$188,MATCH($J23,$U$2:$U$188,0))) | C23: =IF($J23="","",INDEX($N$2:$N$188,MATCH($J23,$U$2:$U$188,0))) | D23: =IF($J23="","",INDEX($O$2:$O$188,MATCH($J23,$U$2:$U$188,0))) | E23: =IF($J23="","",INDEX($P$2:$P$188,MATCH($J23,$U$2:$U$188,0))) | F23: =IF($J23="","",INDEX($Q$2:$Q$188,MATCH($J23,$U$2:$U$188,0))) | G23: =IF($J23="","",INDEX($R$2:$R$188,MATCH($J23,$U$2:$U$188,0))) | H23: =IF($J23="","",INDEX($S$2:$S$188,MATCH($J23,$U$2:$U$188,0))) | I23: =IF($J23="","",INDEX($T$2:$T$188,MATCH($J23,$U$2:$U$188,0))) | J23: =IFERROR(LARGE($U$2:$U$188,A23),"") | M23: 22 | N23: =IFERROR(IF(INDEX(GERAL[PONTO],M23)="","",INDEX(GERAL[PONTO],M23)),"") | O23: =IF(N23="","",IFERROR(INDEX(GERAL[ACUMULADA],22),0)) | P23: =IF(O23="","",$B$11-O23) | Q23: =IF(O23="","",IF(O23*1.15<=30,30,IF(O23*1.15<=45,45,IF(O23*1.15<=75,75,IF(O23*1.15<=112.5,112.5,IF(O23*1.15<=150,150,IF(O23*1.15<=225,225,300))))))) | R23: =IF(Q23="","",IFERROR(O23/Q23,0)) | S23: =IF(N23="","",IFERROR(INDEX(Tabela7[QT %],MATCH(N23,Tabela7[PONTO],0)),0)) | T23: =IF(O23="","",IFERROR(1-ABS(O23-P23)/$B$11,0)) | U23: =IF(N23="","",IF($B$9>$B$8,IFERROR((INDEX(GERAL[SNAP],22)-$B$8)/($B$9-$B$8),0),0)) | V23: =IF(OR(N23="",W23<>"LADO 1"),"",$L$2*IFERROR(O23/$B$11,0)+$L$3*IF($D$11>0,IFERROR(S23/$D$11,0),0)+$L$4*IFERROR(T23,0)-$L$5*IFERROR(U23,0)-$L$6*MAX(0,IFERROR(R23,0)-$L$7)+ROW()/1000000) | W23: =IFERROR(INDEX(GERAL[LADO],22),"") -> 0 | Y23: =IFERROR(IF(INDEX(GERAL[PONTO],M23)="","",INDEX(GERAL[PONTO],M23)),"") | Z23: =IF(Y23="","",IFERROR(INDEX(GERAL[ACUMULADA],22),0)) | AA23: =IF(Z23="","",$B$31-Z23) | AB23: =IF(Z23="","",IF(Z23*1.15<=30,30,IF(Z23*1.15<=45,45,IF(Z23*1.15<=75,75,IF(Z23*1.15<=112.5,112.5,IF(Z23*1.15<=150,150,IF(Z23*1.15<=225,225,300))))))) | AC23: =IF(AB23="","",IFERROR(Z23/AB23,0)) | AD23: =IF(Y23="","",IFERROR(INDEX(DIR_ATUAL[QT %],MATCH(Y23,DIR_ATUAL[PONTO],0)),0)) | AE23: =IF(Z23="","",IFERROR(1-ABS(Z23-AA23)/$B$31,0)) | AF23: =IF(Y23="","",IF($E$9>$E$8,IFERROR((INDEX(GERAL[SNAP],22)-$E$8)/($E$9-$E$8),0),0)) | AG23: =IF(OR(Y23="",AH23<>"LADO 2"),"",$L$2*IFERROR(Z23/$B$31,0)+$L$3*IF($D$31>0,IFERROR(AD23/$D$31,0),0)+$L$4*IFERROR(AE23,0)-$L$5*IFERROR(AF23,0)-$L$6*MAX(0,IFERROR(AC23,0)-$L$7)+ROW()/1000000) | AH23: =IFERROR(INDEX(GERAL[LADO],22),"") -> 0
M24: 23 | N24: =IFERROR(IF(INDEX(GERAL[PONTO],M24)="","",INDEX(GERAL[PONTO],M24)),"") | O24: =IF(N24="","",IFERROR(INDEX(GERAL[ACUMULADA],23),0)) | P24: =IF(O24="","",$B$11-O24) | Q24: =IF(O24="","",IF(O24*1.15<=30,30,IF(O24*1.15<=45,45,IF(O24*1.15<=75,75,IF(O24*1.15<=112.5,112.5,IF(O24*1.15<=150,150,IF(O24*1.15<=225,225,300))))))) | R24: =IF(Q24="","",IFERROR(O24/Q24,0)) | S24: =IF(N24="","",IFERROR(INDEX(Tabela7[QT %],MATCH(N24,Tabela7[PONTO],0)),0)) | T24: =IF(O24="","",IFERROR(1-ABS(O24-P24)/$B$11,0)) | U24: =IF(N24="","",IF($B$9>$B$8,IFERROR((INDEX(GERAL[SNAP],23)-$B$8)/($B$9-$B$8),0),0)) | V24: =IF(OR(N24="",W24<>"LADO 1"),"",$L$2*IFERROR(O24/$B$11,0)+$L$3*IF($D$11>0,IFERROR(S24/$D$11,0),0)+$L$4*IFERROR(T24,0)-$L$5*IFERROR(U24,0)-$L$6*MAX(0,IFERROR(R24,0)-$L$7)+ROW()/1000000) | W24: =IFERROR(INDEX(GERAL[LADO],23),"") -> 0 | Y24: =IFERROR(IF(INDEX(GERAL[PONTO],M24)="","",INDEX(GERAL[PONTO],M24)),"") | Z24: =IF(Y24="","",IFERROR(INDEX(GERAL[ACUMULADA],23),0)) | AA24: =IF(Z24="","",$B$31-Z24) | AB24: =IF(Z24="","",IF(Z24*1.15<=30,30,IF(Z24*1.15<=45,45,IF(Z24*1.15<=75,75,IF(Z24*1.15<=112.5,112.5,IF(Z24*1.15<=150,150,IF(Z24*1.15<=225,225,300))))))) | AC24: =IF(AB24="","",IFERROR(Z24/AB24,0)) | AD24: =IF(Y24="","",IFERROR(INDEX(DIR_ATUAL[QT %],MATCH(Y24,DIR_ATUAL[PONTO],0)),0)) | AE24: =IF(Z24="","",IFERROR(1-ABS(Z24-AA24)/$B$31,0)) | AF24: =IF(Y24="","",IF($E$9>$E$8,IFERROR((INDEX(GERAL[SNAP],23)-$E$8)/($E$9-$E$8),0),0)) | AG24: =IF(OR(Y24="",AH24<>"LADO 2"),"",$L$2*IFERROR(Z24/$B$31,0)+$L$3*IF($D$31>0,IFERROR(AD24/$D$31,0),0)+$L$4*IFERROR(AE24,0)-$L$5*IFERROR(AF24,0)-$L$6*MAX(0,IFERROR(AC24,0)-$L$7)+ROW()/1000000) | AH24: =IFERROR(INDEX(GERAL[LADO],23),"") -> 0
M25: 24 | N25: =IFERROR(IF(INDEX(GERAL[PONTO],M25)="","",INDEX(GERAL[PONTO],M25)),"") | O25: =IF(N25="","",IFERROR(INDEX(GERAL[ACUMULADA],24),0)) | P25: =IF(O25="","",$B$11-O25) | Q25: =IF(O25="","",IF(O25*1.15<=30,30,IF(O25*1.15<=45,45,IF(O25*1.15<=75,75,IF(O25*1.15<=112.5,112.5,IF(O25*1.15<=150,150,IF(O25*1.15<=225,225,300))))))) | R25: =IF(Q25="","",IFERROR(O25/Q25,0)) | S25: =IF(N25="","",IFERROR(INDEX(Tabela7[QT %],MATCH(N25,Tabela7[PONTO],0)),0)) | T25: =IF(O25="","",IFERROR(1-ABS(O25-P25)/$B$11,0)) | U25: =IF(N25="","",IF($B$9>$B$8,IFERROR((INDEX(GERAL[SNAP],24)-$B$8)/($B$9-$B$8),0),0)) | V25: =IF(OR(N25="",W25<>"LADO 1"),"",$L$2*IFERROR(O25/$B$11,0)+$L$3*IF($D$11>0,IFERROR(S25/$D$11,0),0)+$L$4*IFERROR(T25,0)-$L$5*IFERROR(U25,0)-$L$6*MAX(0,IFERROR(R25,0)-$L$7)+ROW()/1000000) | W25: =IFERROR(INDEX(GERAL[LADO],24),"") -> 0 | Y25: =IFERROR(IF(INDEX(GERAL[PONTO],M25)="","",INDEX(GERAL[PONTO],M25)),"") | Z25: =IF(Y25="","",IFERROR(INDEX(GERAL[ACUMULADA],24),0)) | AA25: =IF(Z25="","",$B$31-Z25) | AB25: =IF(Z25="","",IF(Z25*1.15<=30,30,IF(Z25*1.15<=45,45,IF(Z25*1.15<=75,75,IF(Z25*1.15<=112.5,112.5,IF(Z25*1.15<=150,150,IF(Z25*1.15<=225,225,300))))))) | AC25: =IF(AB25="","",IFERROR(Z25/AB25,0)) | AD25: =IF(Y25="","",IFERROR(INDEX(DIR_ATUAL[QT %],MATCH(Y25,DIR_ATUAL[PONTO],0)),0)) | AE25: =IF(Z25="","",IFERROR(1-ABS(Z25-AA25)/$B$31,0)) | AF25: =IF(Y25="","",IF($E$9>$E$8,IFERROR((INDEX(GERAL[SNAP],24)-$E$8)/($E$9-$E$8),0),0)) | AG25: =IF(OR(Y25="",AH25<>"LADO 2"),"",$L$2*IFERROR(Z25/$B$31,0)+$L$3*IF($D$31>0,IFERROR(AD25/$D$31,0),0)+$L$4*IFERROR(AE25,0)-$L$5*IFERROR(AF25,0)-$L$6*MAX(0,IFERROR(AC25,0)-$L$7)+ROW()/1000000) | AH25: =IFERROR(INDEX(GERAL[LADO],24),"") -> 0
M26: 25 | N26: =IFERROR(IF(INDEX(GERAL[PONTO],M26)="","",INDEX(GERAL[PONTO],M26)),"") | O26: =IF(N26="","",IFERROR(INDEX(GERAL[ACUMULADA],25),0)) | P26: =IF(O26="","",$B$11-O26) | Q26: =IF(O26="","",IF(O26*1.15<=30,30,IF(O26*1.15<=45,45,IF(O26*1.15<=75,75,IF(O26*1.15<=112.5,112.5,IF(O26*1.15<=150,150,IF(O26*1.15<=225,225,300))))))) | R26: =IF(Q26="","",IFERROR(O26/Q26,0)) | S26: =IF(N26="","",IFERROR(INDEX(Tabela7[QT %],MATCH(N26,Tabela7[PONTO],0)),0)) | T26: =IF(O26="","",IFERROR(1-ABS(O26-P26)/$B$11,0)) | U26: =IF(N26="","",IF($B$9>$B$8,IFERROR((INDEX(GERAL[SNAP],25)-$B$8)/($B$9-$B$8),0),0)) | V26: =IF(OR(N26="",W26<>"LADO 1"),"",$L$2*IFERROR(O26/$B$11,0)+$L$3*IF($D$11>0,IFERROR(S26/$D$11,0),0)+$L$4*IFERROR(T26,0)-$L$5*IFERROR(U26,0)-$L$6*MAX(0,IFERROR(R26,0)-$L$7)+ROW()/1000000) | W26: =IFERROR(INDEX(GERAL[LADO],25),"") -> 0 | Y26: =IFERROR(IF(INDEX(GERAL[PONTO],M26)="","",INDEX(GERAL[PONTO],M26)),"") | Z26: =IF(Y26="","",IFERROR(INDEX(GERAL[ACUMULADA],25),0)) | AA26: =IF(Z26="","",$B$31-Z26) | AB26: =IF(Z26="","",IF(Z26*1.15<=30,30,IF(Z26*1.15<=45,45,IF(Z26*1.15<=75,75,IF(Z26*1.15<=112.5,112.5,IF(Z26*1.15<=150,150,IF(Z26*1.15<=225,225,300))))))) | AC26: =IF(AB26="","",IFERROR(Z26/AB26,0)) | AD26: =IF(Y26="","",IFERROR(INDEX(DIR_ATUAL[QT %],MATCH(Y26,DIR_ATUAL[PONTO],0)),0)) | AE26: =IF(Z26="","",IFERROR(1-ABS(Z26-AA26)/$B$31,0)) | AF26: =IF(Y26="","",IF($E$9>$E$8,IFERROR((INDEX(GERAL[SNAP],25)-$E$8)/($E$9-$E$8),0),0)) | AG26: =IF(OR(Y26="",AH26<>"LADO 2"),"",$L$2*IFERROR(Z26/$B$31,0)+$L$3*IF($D$31>0,IFERROR(AD26/$D$31,0),0)+$L$4*IFERROR(AE26,0)-$L$5*IFERROR(AF26,0)-$L$6*MAX(0,IFERROR(AC26,0)-$L$7)+ROW()/1000000) | AH26: =IFERROR(INDEX(GERAL[LADO],25),"") -> 0
M27: 26 | N27: =IFERROR(IF(INDEX(GERAL[PONTO],M27)="","",INDEX(GERAL[PONTO],M27)),"") | O27: =IF(N27="","",IFERROR(INDEX(GERAL[ACUMULADA],26),0)) | P27: =IF(O27="","",$B$11-O27) | Q27: =IF(O27="","",IF(O27*1.15<=30,30,IF(O27*1.15<=45,45,IF(O27*1.15<=75,75,IF(O27*1.15<=112.5,112.5,IF(O27*1.15<=150,150,IF(O27*1.15<=225,225,300))))))) | R27: =IF(Q27="","",IFERROR(O27/Q27,0)) | S27: =IF(N27="","",IFERROR(INDEX(Tabela7[QT %],MATCH(N27,Tabela7[PONTO],0)),0)) | T27: =IF(O27="","",IFERROR(1-ABS(O27-P27)/$B$11,0)) | U27: =IF(N27="","",IF($B$9>$B$8,IFERROR((INDEX(GERAL[SNAP],26)-$B$8)/($B$9-$B$8),0),0)) | V27: =IF(OR(N27="",W27<>"LADO 1"),"",$L$2*IFERROR(O27/$B$11,0)+$L$3*IF($D$11>0,IFERROR(S27/$D$11,0),0)+$L$4*IFERROR(T27,0)-$L$5*IFERROR(U27,0)-$L$6*MAX(0,IFERROR(R27,0)-$L$7)+ROW()/1000000) | W27: =IFERROR(INDEX(GERAL[LADO],26),"") -> 0 | Y27: =IFERROR(IF(INDEX(GERAL[PONTO],M27)="","",INDEX(GERAL[PONTO],M27)),"") | Z27: =IF(Y27="","",IFERROR(INDEX(GERAL[ACUMULADA],26),0)) | AA27: =IF(Z27="","",$B$31-Z27) | AB27: =IF(Z27="","",IF(Z27*1.15<=30,30,IF(Z27*1.15<=45,45,IF(Z27*1.15<=75,75,IF(Z27*1.15<=112.5,112.5,IF(Z27*1.15<=150,150,IF(Z27*1.15<=225,225,300))))))) | AC27: =IF(AB27="","",IFERROR(Z27/AB27,0)) | AD27: =IF(Y27="","",IFERROR(INDEX(DIR_ATUAL[QT %],MATCH(Y27,DIR_ATUAL[PONTO],0)),0)) | AE27: =IF(Z27="","",IFERROR(1-ABS(Z27-AA27)/$B$31,0)) | AF27: =IF(Y27="","",IF($E$9>$E$8,IFERROR((INDEX(GERAL[SNAP],26)-$E$8)/($E$9-$E$8),0),0)) | AG27: =IF(OR(Y27="",AH27<>"LADO 2"),"",$L$2*IFERROR(Z27/$B$31,0)+$L$3*IF($D$31>0,IFERROR(AD27/$D$31,0),0)+$L$4*IFERROR(AE27,0)-$L$5*IFERROR(AF27,0)-$L$6*MAX(0,IFERROR(AC27,0)-$L$7)+ROW()/1000000) | AH27: =IFERROR(INDEX(GERAL[LADO],26),"") -> 0
M28: 27 | N28: =IFERROR(IF(INDEX(GERAL[PONTO],M28)="","",INDEX(GERAL[PONTO],M28)),"") | O28: =IF(N28="","",IFERROR(INDEX(GERAL[ACUMULADA],27),0)) | P28: =IF(O28="","",$B$11-O28) | Q28: =IF(O28="","",IF(O28*1.15<=30,30,IF(O28*1.15<=45,45,IF(O28*1.15<=75,75,IF(O28*1.15<=112.5,112.5,IF(O28*1.15<=150,150,IF(O28*1.15<=225,225,300))))))) | R28: =IF(Q28="","",IFERROR(O28/Q28,0)) | S28: =IF(N28="","",IFERROR(INDEX(Tabela7[QT %],MATCH(N28,Tabela7[PONTO],0)),0)) | T28: =IF(O28="","",IFERROR(1-ABS(O28-P28)/$B$11,0)) | U28: =IF(N28="","",IF($B$9>$B$8,IFERROR((INDEX(GERAL[SNAP],27)-$B$8)/($B$9-$B$8),0),0)) | V28: =IF(OR(N28="",W28<>"LADO 1"),"",$L$2*IFERROR(O28/$B$11,0)+$L$3*IF($D$11>0,IFERROR(S28/$D$11,0),0)+$L$4*IFERROR(T28,0)-$L$5*IFERROR(U28,0)-$L$6*MAX(0,IFERROR(R28,0)-$L$7)+ROW()/1000000) | W28: =IFERROR(INDEX(GERAL[LADO],27),"") -> 0 | Y28: =IFERROR(IF(INDEX(GERAL[PONTO],M28)="","",INDEX(GERAL[PONTO],M28)),"") | Z28: =IF(Y28="","",IFERROR(INDEX(GERAL[ACUMULADA],27),0)) | AA28: =IF(Z28="","",$B$31-Z28) | AB28: =IF(Z28="","",IF(Z28*1.15<=30,30,IF(Z28*1.15<=45,45,IF(Z28*1.15<=75,75,IF(Z28*1.15<=112.5,112.5,IF(Z28*1.15<=150,150,IF(Z28*1.15<=225,225,300))))))) | AC28: =IF(AB28="","",IFERROR(Z28/AB28,0)) | AD28: =IF(Y28="","",IFERROR(INDEX(DIR_ATUAL[QT %],MATCH(Y28,DIR_ATUAL[PONTO],0)),0)) | AE28: =IF(Z28="","",IFERROR(1-ABS(Z28-AA28)/$B$31,0)) | AF28: =IF(Y28="","",IF($E$9>$E$8,IFERROR((INDEX(GERAL[SNAP],27)-$E$8)/($E$9-$E$8),0),0)) | AG28: =IF(OR(Y28="",AH28<>"LADO 2"),"",$L$2*IFERROR(Z28/$B$31,0)+$L$3*IF($D$31>0,IFERROR(AD28/$D$31,0),0)+$L$4*IFERROR(AE28,0)-$L$5*IFERROR(AF28,0)-$L$6*MAX(0,IFERROR(AC28,0)-$L$7)+ROW()/1000000) | AH28: =IFERROR(INDEX(GERAL[LADO],27),"") -> 0
M29: 28 | N29: =IFERROR(IF(INDEX(GERAL[PONTO],M29)="","",INDEX(GERAL[PONTO],M29)),"") | O29: =IF(N29="","",IFERROR(INDEX(GERAL[ACUMULADA],28),0)) | P29: =IF(O29="","",$B$11-O29) | Q29: =IF(O29="","",IF(O29*1.15<=30,30,IF(O29*1.15<=45,45,IF(O29*1.15<=75,75,IF(O29*1.15<=112.5,112.5,IF(O29*1.15<=150,150,IF(O29*1.15<=225,225,300))))))) | R29: =IF(Q29="","",IFERROR(O29/Q29,0)) | S29: =IF(N29="","",IFERROR(INDEX(Tabela7[QT %],MATCH(N29,Tabela7[PONTO],0)),0)) | T29: =IF(O29="","",IFERROR(1-ABS(O29-P29)/$B$11,0)) | U29: =IF(N29="","",IF($B$9>$B$8,IFERROR((INDEX(GERAL[SNAP],28)-$B$8)/($B$9-$B$8),0),0)) | V29: =IF(OR(N29="",W29<>"LADO 1"),"",$L$2*IFERROR(O29/$B$11,0)+$L$3*IF($D$11>0,IFERROR(S29/$D$11,0),0)+$L$4*IFERROR(T29,0)-$L$5*IFERROR(U29,0)-$L$6*MAX(0,IFERROR(R29,0)-$L$7)+ROW()/1000000) | W29: =IFERROR(INDEX(GERAL[LADO],28),"") -> 0 | Y29: =IFERROR(IF(INDEX(GERAL[PONTO],M29)="","",INDEX(GERAL[PONTO],M29)),"") | Z29: =IF(Y29="","",IFERROR(INDEX(GERAL[ACUMULADA],28),0)) | AA29: =IF(Z29="","",$B$31-Z29) | AB29: =IF(Z29="","",IF(Z29*1.15<=30,30,IF(Z29*1.15<=45,45,IF(Z29*1.15<=75,75,IF(Z29*1.15<=112.5,112.5,IF(Z29*1.15<=150,150,IF(Z29*1.15<=225,225,300))))))) | AC29: =IF(AB29="","",IFERROR(Z29/AB29,0)) | AD29: =IF(Y29="","",IFERROR(INDEX(DIR_ATUAL[QT %],MATCH(Y29,DIR_ATUAL[PONTO],0)),0)) | AE29: =IF(Z29="","",IFERROR(1-ABS(Z29-AA29)/$B$31,0)) | AF29: =IF(Y29="","",IF($E$9>$E$8,IFERROR((INDEX(GERAL[SNAP],28)-$E$8)/($E$9-$E$8),0),0)) | AG29: =IF(OR(Y29="",AH29<>"LADO 2"),"",$L$2*IFERROR(Z29/$B$31,0)+$L$3*IF($D$31>0,IFERROR(AD29/$D$31,0),0)+$L$4*IFERROR(AE29,0)-$L$5*IFERROR(AF29,0)-$L$6*MAX(0,IFERROR(AC29,0)-$L$7)+ROW()/1000000) | AH29: =IFERROR(INDEX(GERAL[LADO],28),"") -> 0
A30: LADO LADO 2 - TOP CORTES | M30: 29 | N30: =IFERROR(IF(INDEX(GERAL[PONTO],M30)="","",INDEX(GERAL[PONTO],M30)),"") | O30: =IF(N30="","",IFERROR(INDEX(GERAL[ACUMULADA],29),0)) | P30: =IF(O30="","",$B$11-O30) | Q30: =IF(O30="","",IF(O30*1.15<=30,30,IF(O30*1.15<=45,45,IF(O30*1.15<=75,75,IF(O30*1.15<=112.5,112.5,IF(O30*1.15<=150,150,IF(O30*1.15<=225,225,300))))))) | R30: =IF(Q30="","",IFERROR(O30/Q30,0)) | S30: =IF(N30="","",IFERROR(INDEX(Tabela7[QT %],MATCH(N30,Tabela7[PONTO],0)),0)) | T30: =IF(O30="","",IFERROR(1-ABS(O30-P30)/$B$11,0)) | U30: =IF(N30="","",IF($B$9>$B$8,IFERROR((INDEX(GERAL[SNAP],29)-$B$8)/($B$9-$B$8),0),0)) | V30: =IF(OR(N30="",W30<>"LADO 1"),"",$L$2*IFERROR(O30/$B$11,0)+$L$3*IF($D$11>0,IFERROR(S30/$D$11,0),0)+$L$4*IFERROR(T30,0)-$L$5*IFERROR(U30,0)-$L$6*MAX(0,IFERROR(R30,0)-$L$7)+ROW()/1000000) | W30: =IFERROR(INDEX(GERAL[LADO],29),"") -> 0 | Y30: =IFERROR(IF(INDEX(GERAL[PONTO],M30)="","",INDEX(GERAL[PONTO],M30)),"") | Z30: =IF(Y30="","",IFERROR(INDEX(GERAL[ACUMULADA],29),0)) | AA30: =IF(Z30="","",$B$31-Z30) | AB30: =IF(Z30="","",IF(Z30*1.15<=30,30,IF(Z30*1.15<=45,45,IF(Z30*1.15<=75,75,IF(Z30*1.15<=112.5,112.5,IF(Z30*1.15<=150,150,IF(Z30*1.15<=225,225,300))))))) | AC30: =IF(AB30="","",IFERROR(Z30/AB30,0)) | AD30: =IF(Y30="","",IFERROR(INDEX(DIR_ATUAL[QT %],MATCH(Y30,DIR_ATUAL[PONTO],0)),0)) | AE30: =IF(Z30="","",IFERROR(1-ABS(Z30-AA30)/$B$31,0)) | AF30: =IF(Y30="","",IF($E$9>$E$8,IFERROR((INDEX(GERAL[SNAP],29)-$E$8)/($E$9-$E$8),0),0)) | AG30: =IF(OR(Y30="",AH30<>"LADO 2"),"",$L$2*IFERROR(Z30/$B$31,0)+$L$3*IF($D$31>0,IFERROR(AD30/$D$31,0),0)+$L$4*IFERROR(AE30,0)-$L$5*IFERROR(AF30,0)-$L$6*MAX(0,IFERROR(AC30,0)-$L$7)+ROW()/1000000) | AH30: =IFERROR(INDEX(GERAL[LADO],29),"") -> 0
A31: TOTAL_LADO_KVA | B31: =E5 -> 106.032 | C31: MAX_QT | D31: =IFERROR(MAX(DIR_ATUAL[QT %]),0) -> 0.11693861 | M31: 30 | N31: =IFERROR(IF(INDEX(GERAL[PONTO],M31)="","",INDEX(GERAL[PONTO],M31)),"") | O31: =IF(N31="","",IFERROR(INDEX(GERAL[ACUMULADA],30),0)) | P31: =IF(O31="","",$B$11-O31) | Q31: =IF(O31="","",IF(O31*1.15<=30,30,IF(O31*1.15<=45,45,IF(O31*1.15<=75,75,IF(O31*1.15<=112.5,112.5,IF(O31*1.15<=150,150,IF(O31*1.15<=225,225,300))))))) | R31: =IF(Q31="","",IFERROR(O31/Q31,0)) | S31: =IF(N31="","",IFERROR(INDEX(Tabela7[QT %],MATCH(N31,Tabela7[PONTO],0)),0)) | T31: =IF(O31="","",IFERROR(1-ABS(O31-P31)/$B$11,0)) | U31: =IF(N31="","",IF($B$9>$B$8,IFERROR((INDEX(GERAL[SNAP],30)-$B$8)/($B$9-$B$8),0),0)) | V31: =IF(OR(N31="",W31<>"LADO 1"),"",$L$2*IFERROR(O31/$B$11,0)+$L$3*IF($D$11>0,IFERROR(S31/$D$11,0),0)+$L$4*IFERROR(T31,0)-$L$5*IFERROR(U31,0)-$L$6*MAX(0,IFERROR(R31,0)-$L$7)+ROW()/1000000) | W31: =IFERROR(INDEX(GERAL[LADO],30),"") -> 0 | Y31: =IFERROR(IF(INDEX(GERAL[PONTO],M31)="","",INDEX(GERAL[PONTO],M31)),"") | Z31: =IF(Y31="","",IFERROR(INDEX(GERAL[ACUMULADA],30),0)) | AA31: =IF(Z31="","",$B$31-Z31) | AB31: =IF(Z31="","",IF(Z31*1.15<=30,30,IF(Z31*1.15<=45,45,IF(Z31*1.15<=75,75,IF(Z31*1.15<=112.5,112.5,IF(Z31*1.15<=150,150,IF(Z31*1.15<=225,225,300))))))) | AC31: =IF(AB31="","",IFERROR(Z31/AB31,0)) | AD31: =IF(Y31="","",IFERROR(INDEX(DIR_ATUAL[QT %],MATCH(Y31,DIR_ATUAL[PONTO],0)),0)) | AE31: =IF(Z31="","",IFERROR(1-ABS(Z31-AA31)/$B$31,0)) | AF31: =IF(Y31="","",IF($E$9>$E$8,IFERROR((INDEX(GERAL[SNAP],30)-$E$8)/($E$9-$E$8),0),0)) | AG31: =IF(OR(Y31="",AH31<>"LADO 2"),"",$L$2*IFERROR(Z31/$B$31,0)+$L$3*IF($D$31>0,IFERROR(AD31/$D$31,0),0)+$L$4*IFERROR(AE31,0)-$L$5*IFERROR(AF31,0)-$L$6*MAX(0,IFERROR(AC31,0)-$L$7)+ROW()/1000000) | AH31: =IFERROR(INDEX(GERAL[LADO],30),"") -> 0
M32: 31 | N32: =IFERROR(IF(INDEX(GERAL[PONTO],M32)="","",INDEX(GERAL[PONTO],M32)),"") | O32: =IF(N32="","",IFERROR(INDEX(GERAL[ACUMULADA],31),0)) | P32: =IF(O32="","",$B$11-O32) | Q32: =IF(O32="","",IF(O32*1.15<=30,30,IF(O32*1.15<=45,45,IF(O32*1.15<=75,75,IF(O32*1.15<=112.5,112.5,IF(O32*1.15<=150,150,IF(O32*1.15<=225,225,300))))))) | R32: =IF(Q32="","",IFERROR(O32/Q32,0)) | S32: =IF(N32="","",IFERROR(INDEX(Tabela7[QT %],MATCH(N32,Tabela7[PONTO],0)),0)) | T32: =IF(O32="","",IFERROR(1-ABS(O32-P32)/$B$11,0)) | U32: =IF(N32="","",IF($B$9>$B$8,IFERROR((INDEX(GERAL[SNAP],31)-$B$8)/($B$9-$B$8),0),0)) | V32: =IF(OR(N32="",W32<>"LADO 1"),"",$L$2*IFERROR(O32/$B$11,0)+$L$3*IF($D$11>0,IFERROR(S32/$D$11,0),0)+$L$4*IFERROR(T32,0)-$L$5*IFERROR(U32,0)-$L$6*MAX(0,IFERROR(R32,0)-$L$7)+ROW()/1000000) | W32: =IFERROR(INDEX(GERAL[LADO],31),"") -> 0 | Y32: =IFERROR(IF(INDEX(GERAL[PONTO],M32)="","",INDEX(GERAL[PONTO],M32)),"") | Z32: =IF(Y32="","",IFERROR(INDEX(GERAL[ACUMULADA],31),0)) | AA32: =IF(Z32="","",$B$31-Z32) | AB32: =IF(Z32="","",IF(Z32*1.15<=30,30,IF(Z32*1.15<=45,45,IF(Z32*1.15<=75,75,IF(Z32*1.15<=112.5,112.5,IF(Z32*1.15<=150,150,IF(Z32*1.15<=225,225,300))))))) | AC32: =IF(AB32="","",IFERROR(Z32/AB32,0)) | AD32: =IF(Y32="","",IFERROR(INDEX(DIR_ATUAL[QT %],MATCH(Y32,DIR_ATUAL[PONTO],0)),0)) | AE32: =IF(Z32="","",IFERROR(1-ABS(Z32-AA32)/$B$31,0)) | AF32: =IF(Y32="","",IF($E$9>$E$8,IFERROR((INDEX(GERAL[SNAP],31)-$E$8)/($E$9-$E$8),0),0)) | AG32: =IF(OR(Y32="",AH32<>"LADO 2"),"",$L$2*IFERROR(Z32/$B$31,0)+$L$3*IF($D$31>0,IFERROR(AD32/$D$31,0),0)+$L$4*IFERROR(AE32,0)-$L$5*IFERROR(AF32,0)-$L$6*MAX(0,IFERROR(AC32,0)-$L$7)+ROW()/1000000) | AH32: =IFERROR(INDEX(GERAL[LADO],31),"") -> 0
A33: RANK | B33: PONTO | C33: SUB_KVA | D33: REM_KVA | E33: CAP_SUG | F33: SAT_NOVA | G33: QT_PONTO | H33: BAL | I33: DIST_NORM | J33: SCORE | M33: 32 | N33: =IFERROR(IF(INDEX(GERAL[PONTO],M33)="","",INDEX(GERAL[PONTO],M33)),"") | O33: =IF(N33="","",IFERROR(INDEX(GERAL[ACUMULADA],32),0)) | P33: =IF(O33="","",$B$11-O33) | Q33: =IF(O33="","",IF(O33*1.15<=30,30,IF(O33*1.15<=45,45,IF(O33*1.15<=75,75,IF(O33*1.15<=112.5,112.5,IF(O33*1.15<=150,150,IF(O33*1.15<=225,225,300))))))) | R33: =IF(Q33="","",IFERROR(O33/Q33,0)) | S33: =IF(N33="","",IFERROR(INDEX(Tabela7[QT %],MATCH(N33,Tabela7[PONTO],0)),0)) | T33: =IF(O33="","",IFERROR(1-ABS(O33-P33)/$B$11,0)) | U33: =IF(N33="","",IF($B$9>$B$8,IFERROR((INDEX(GERAL[SNAP],32)-$B$8)/($B$9-$B$8),0),0)) | V33: =IF(OR(N33="",W33<>"LADO 1"),"",$L$2*IFERROR(O33/$B$11,0)+$L$3*IF($D$11>0,IFERROR(S33/$D$11,0),0)+$L$4*IFERROR(T33,0)-$L$5*IFERROR(U33,0)-$L$6*MAX(0,IFERROR(R33,0)-$L$7)+ROW()/1000000) | W33: =IFERROR(INDEX(GERAL[LADO],32),"") -> 0 | Y33: =IFERROR(IF(INDEX(GERAL[PONTO],M33)="","",INDEX(GERAL[PONTO],M33)),"") | Z33: =IF(Y33="","",IFERROR(INDEX(GERAL[ACUMULADA],32),0)) | AA33: =IF(Z33="","",$B$31-Z33) | AB33: =IF(Z33="","",IF(Z33*1.15<=30,30,IF(Z33*1.15<=45,45,IF(Z33*1.15<=75,75,IF(Z33*1.15<=112.5,112.5,IF(Z33*1.15<=150,150,IF(Z33*1.15<=225,225,300))))))) | AC33: =IF(AB33="","",IFERROR(Z33/AB33,0)) | AD33: =IF(Y33="","",IFERROR(INDEX(DIR_ATUAL[QT %],MATCH(Y33,DIR_ATUAL[PONTO],0)),0)) | AE33: =IF(Z33="","",IFERROR(1-ABS(Z33-AA33)/$B$31,0)) | AF33: =IF(Y33="","",IF($E$9>$E$8,IFERROR((INDEX(GERAL[SNAP],32)-$E$8)/($E$9-$E$8),0),0)) | AG33: =IF(OR(Y33="",AH33<>"LADO 2"),"",$L$2*IFERROR(Z33/$B$31,0)+$L$3*IF($D$31>0,IFERROR(AD33/$D$31,0),0)+$L$4*IFERROR(AE33,0)-$L$5*IFERROR(AF33,0)-$L$6*MAX(0,IFERROR(AC33,0)-$L$7)+ROW()/1000000) | AH33: =IFERROR(INDEX(GERAL[LADO],32),"") -> 0
A34: 1 | B34: =IF($J34="","",INDEX($Y$2:$Y$188,MATCH($J34,$AF$2:$AF$187,0))) -> 1 | C34: =IF($J34="","",INDEX($Y$2:$Y$187,MATCH($J34,$AF$2:$AF$187,0))) -> 1 | D34: =IF($J34="","",INDEX($Z$2:$Z$187,MATCH($J34,$AF$2:$AF$187,0))) -> 127.70729 | E34: =IF($J34="","",INDEX($AA$2:$AA$187,MATCH($J34,$AF$2:$AF$187,0))) -> -21.675294 | F34: =IF($J34="","",INDEX($AB$2:$AB$187,MATCH($J34,$AF$2:$AF$187,0))) -> 150 | G34: =IF($J34="","",INDEX($AC$2:$AC$187,MATCH($J34,$AF$2:$AF$187,0))) -> 0.85138196 | H34: =IF($J34="","",INDEX($AD$2:$AD$187,MATCH($J34,$AF$2:$AF$187,0))) -> 0.049510527 | I34: =IF($J34="","",INDEX($AE$2:$AE$187,MATCH($J34,$AF$2:$AF$187,0))) -> -0.40884439 | J34: =IFERROR(LARGE($AF$2:$AF$187,A34),"") -> 0 | M34: 33 | N34: =IFERROR(IF(INDEX(GERAL[PONTO],M34)="","",INDEX(GERAL[PONTO],M34)),"") | O34: =IF(N34="","",IFERROR(INDEX(GERAL[ACUMULADA],33),0)) | P34: =IF(O34="","",$B$11-O34) | Q34: =IF(O34="","",IF(O34*1.15<=30,30,IF(O34*1.15<=45,45,IF(O34*1.15<=75,75,IF(O34*1.15<=112.5,112.5,IF(O34*1.15<=150,150,IF(O34*1.15<=225,225,300))))))) | R34: =IF(Q34="","",IFERROR(O34/Q34,0)) | S34: =IF(N34="","",IFERROR(INDEX(Tabela7[QT %],MATCH(N34,Tabela7[PONTO],0)),0)) | T34: =IF(O34="","",IFERROR(1-ABS(O34-P34)/$B$11,0)) | U34: =IF(N34="","",IF($B$9>$B$8,IFERROR((INDEX(GERAL[SNAP],33)-$B$8)/($B$9-$B$8),0),0)) | V34: =IF(OR(N34="",W34<>"LADO 1"),"",$L$2*IFERROR(O34/$B$11,0)+$L$3*IF($D$11>0,IFERROR(S34/$D$11,0),0)+$L$4*IFERROR(T34,0)-$L$5*IFERROR(U34,0)-$L$6*MAX(0,IFERROR(R34,0)-$L$7)+ROW()/1000000) | W34: =IFERROR(INDEX(GERAL[LADO],33),"") -> 0 | Y34: =IFERROR(IF(INDEX(GERAL[PONTO],M34)="","",INDEX(GERAL[PONTO],M34)),"") | Z34: =IF(Y34="","",IFERROR(INDEX(GERAL[ACUMULADA],33),0)) | AA34: =IF(Z34="","",$B$31-Z34) | AB34: =IF(Z34="","",IF(Z34*1.15<=30,30,IF(Z34*1.15<=45,45,IF(Z34*1.15<=75,75,IF(Z34*1.15<=112.5,112.5,IF(Z34*1.15<=150,150,IF(Z34*1.15<=225,225,300))))))) | AC34: =IF(AB34="","",IFERROR(Z34/AB34,0)) | AD34: =IF(Y34="","",IFERROR(INDEX(DIR_ATUAL[QT %],MATCH(Y34,DIR_ATUAL[PONTO],0)),0)) | AE34: =IF(Z34="","",IFERROR(1-ABS(Z34-AA34)/$B$31,0)) | AF34: =IF(Y34="","",IF($E$9>$E$8,IFERROR((INDEX(GERAL[SNAP],33)-$E$8)/($E$9-$E$8),0),0)) | AG34: =IF(OR(Y34="",AH34<>"LADO 2"),"",$L$2*IFERROR(Z34/$B$31,0)+$L$3*IF($D$31>0,IFERROR(AD34/$D$31,0),0)+$L$4*IFERROR(AE34,0)-$L$5*IFERROR(AF34,0)-$L$6*MAX(0,IFERROR(AC34,0)-$L$7)+ROW()/1000000) | AH34: =IFERROR(INDEX(GERAL[LADO],33),"") -> 0
A35: 2 | B35: =IF($J35="","",INDEX($Y$2:$Y$188,MATCH($J35,$AF$2:$AF$187,0))) -> 1 | C35: =IF($J35="","",INDEX($Y$2:$Y$187,MATCH($J35,$AF$2:$AF$187,0))) -> 1 | D35: =IF($J35="","",INDEX($Z$2:$Z$187,MATCH($J35,$AF$2:$AF$187,0))) -> 127.70729 | E35: =IF($J35="","",INDEX($AA$2:$AA$187,MATCH($J35,$AF$2:$AF$187,0))) -> -21.675294 | F35: =IF($J35="","",INDEX($AB$2:$AB$187,MATCH($J35,$AF$2:$AF$187,0))) -> 150 | G35: =IF($J35="","",INDEX($AC$2:$AC$187,MATCH($J35,$AF$2:$AF$187,0))) -> 0.85138196 | H35: =IF($J35="","",INDEX($AD$2:$AD$187,MATCH($J35,$AF$2:$AF$187,0))) -> 0.049510527 | I35: =IF($J35="","",INDEX($AE$2:$AE$187,MATCH($J35,$AF$2:$AF$187,0))) -> -0.40884439 | J35: =IFERROR(LARGE($AF$2:$AF$187,A35),"") -> 0 | M35: 34 | N35: =IFERROR(IF(INDEX(GERAL[PONTO],M35)="","",INDEX(GERAL[PONTO],M35)),"") | O35: =IF(N35="","",IFERROR(INDEX(GERAL[ACUMULADA],34),0)) | P35: =IF(O35="","",$B$11-O35) | Q35: =IF(O35="","",IF(O35*1.15<=30,30,IF(O35*1.15<=45,45,IF(O35*1.15<=75,75,IF(O35*1.15<=112.5,112.5,IF(O35*1.15<=150,150,IF(O35*1.15<=225,225,300))))))) | R35: =IF(Q35="","",IFERROR(O35/Q35,0)) | S35: =IF(N35="","",IFERROR(INDEX(Tabela7[QT %],MATCH(N35,Tabela7[PONTO],0)),0)) | T35: =IF(O35="","",IFERROR(1-ABS(O35-P35)/$B$11,0)) | U35: =IF(N35="","",IF($B$9>$B$8,IFERROR((INDEX(GERAL[SNAP],34)-$B$8)/($B$9-$B$8),0),0)) | V35: =IF(OR(N35="",W35<>"LADO 1"),"",$L$2*IFERROR(O35/$B$11,0)+$L$3*IF($D$11>0,IFERROR(S35/$D$11,0),0)+$L$4*IFERROR(T35,0)-$L$5*IFERROR(U35,0)-$L$6*MAX(0,IFERROR(R35,0)-$L$7)+ROW()/1000000) | W35: =IFERROR(INDEX(GERAL[LADO],34),"") -> 0 | Y35: =IFERROR(IF(INDEX(GERAL[PONTO],M35)="","",INDEX(GERAL[PONTO],M35)),"") | Z35: =IF(Y35="","",IFERROR(INDEX(GERAL[ACUMULADA],34),0)) | AA35: =IF(Z35="","",$B$31-Z35) | AB35: =IF(Z35="","",IF(Z35*1.15<=30,30,IF(Z35*1.15<=45,45,IF(Z35*1.15<=75,75,IF(Z35*1.15<=112.5,112.5,IF(Z35*1.15<=150,150,IF(Z35*1.15<=225,225,300))))))) | AC35: =IF(AB35="","",IFERROR(Z35/AB35,0)) | AD35: =IF(Y35="","",IFERROR(INDEX(DIR_ATUAL[QT %],MATCH(Y35,DIR_ATUAL[PONTO],0)),0)) | AE35: =IF(Z35="","",IFERROR(1-ABS(Z35-AA35)/$B$31,0)) | AF35: =IF(Y35="","",IF($E$9>$E$8,IFERROR((INDEX(GERAL[SNAP],34)-$E$8)/($E$9-$E$8),0),0)) | AG35: =IF(OR(Y35="",AH35<>"LADO 2"),"",$L$2*IFERROR(Z35/$B$31,0)+$L$3*IF($D$31>0,IFERROR(AD35/$D$31,0),0)+$L$4*IFERROR(AE35,0)-$L$5*IFERROR(AF35,0)-$L$6*MAX(0,IFERROR(AC35,0)-$L$7)+ROW()/1000000) | AH35: =IFERROR(INDEX(GERAL[LADO],34),"") -> 0
A36: 3 | B36: =IF($J36="","",INDEX($Y$2:$Y$188,MATCH($J36,$AF$2:$AF$187,0))) -> 1 | C36: =IF($J36="","",INDEX($Y$2:$Y$187,MATCH($J36,$AF$2:$AF$187,0))) -> 1 | D36: =IF($J36="","",INDEX($Z$2:$Z$187,MATCH($J36,$AF$2:$AF$187,0))) -> 127.70729 | E36: =IF($J36="","",INDEX($AA$2:$AA$187,MATCH($J36,$AF$2:$AF$187,0))) -> -21.675294 | F36: =IF($J36="","",INDEX($AB$2:$AB$187,MATCH($J36,$AF$2:$AF$187,0))) -> 150 | G36: =IF($J36="","",INDEX($AC$2:$AC$187,MATCH($J36,$AF$2:$AF$187,0))) -> 0.85138196 | H36: =IF($J36="","",INDEX($AD$2:$AD$187,MATCH($J36,$AF$2:$AF$187,0))) -> 0.049510527 | I36: =IF($J36="","",INDEX($AE$2:$AE$187,MATCH($J36,$AF$2:$AF$187,0))) -> -0.40884439 | J36: =IFERROR(LARGE($AF$2:$AF$187,A36),"") -> 0 | M36: 35 | N36: =IFERROR(IF(INDEX(GERAL[PONTO],M36)="","",INDEX(GERAL[PONTO],M36)),"") | O36: =IF(N36="","",IFERROR(INDEX(GERAL[ACUMULADA],35),0)) | P36: =IF(O36="","",$B$11-O36) | Q36: =IF(O36="","",IF(O36*1.15<=30,30,IF(O36*1.15<=45,45,IF(O36*1.15<=75,75,IF(O36*1.15<=112.5,112.5,IF(O36*1.15<=150,150,IF(O36*1.15<=225,225,300))))))) | R36: =IF(Q36="","",IFERROR(O36/Q36,0)) | S36: =IF(N36="","",IFERROR(INDEX(Tabela7[QT %],MATCH(N36,Tabela7[PONTO],0)),0)) | T36: =IF(O36="","",IFERROR(1-ABS(O36-P36)/$B$11,0)) | U36: =IF(N36="","",IF($B$9>$B$8,IFERROR((INDEX(GERAL[SNAP],35)-$B$8)/($B$9-$B$8),0),0)) | V36: =IF(OR(N36="",W36<>"LADO 1"),"",$L$2*IFERROR(O36/$B$11,0)+$L$3*IF($D$11>0,IFERROR(S36/$D$11,0),0)+$L$4*IFERROR(T36,0)-$L$5*IFERROR(U36,0)-$L$6*MAX(0,IFERROR(R36,0)-$L$7)+ROW()/1000000) | W36: =IFERROR(INDEX(GERAL[LADO],35),"") -> 0 | Y36: =IFERROR(IF(INDEX(GERAL[PONTO],M36)="","",INDEX(GERAL[PONTO],M36)),"") | Z36: =IF(Y36="","",IFERROR(INDEX(GERAL[ACUMULADA],35),0)) | AA36: =IF(Z36="","",$B$31-Z36) | AB36: =IF(Z36="","",IF(Z36*1.15<=30,30,IF(Z36*1.15<=45,45,IF(Z36*1.15<=75,75,IF(Z36*1.15<=112.5,112.5,IF(Z36*1.15<=150,150,IF(Z36*1.15<=225,225,300))))))) | AC36: =IF(AB36="","",IFERROR(Z36/AB36,0)) | AD36: =IF(Y36="","",IFERROR(INDEX(DIR_ATUAL[QT %],MATCH(Y36,DIR_ATUAL[PONTO],0)),0)) | AE36: =IF(Z36="","",IFERROR(1-ABS(Z36-AA36)/$B$31,0)) | AF36: =IF(Y36="","",IF($E$9>$E$8,IFERROR((INDEX(GERAL[SNAP],35)-$E$8)/($E$9-$E$8),0),0)) | AG36: =IF(OR(Y36="",AH36<>"LADO 2"),"",$L$2*IFERROR(Z36/$B$31,0)+$L$3*IF($D$31>0,IFERROR(AD36/$D$31,0),0)+$L$4*IFERROR(AE36,0)-$L$5*IFERROR(AF36,0)-$L$6*MAX(0,IFERROR(AC36,0)-$L$7)+ROW()/1000000) | AH36: =IFERROR(INDEX(GERAL[LADO],35),"") -> 0
A37: 4 | B37: =IF($J37="","",INDEX($Y$2:$Y$188,MATCH($J37,$AF$2:$AF$187,0))) -> 1 | C37: =IF($J37="","",INDEX($Y$2:$Y$187,MATCH($J37,$AF$2:$AF$187,0))) -> 1 | D37: =IF($J37="","",INDEX($Z$2:$Z$187,MATCH($J37,$AF$2:$AF$187,0))) -> 127.70729 | E37: =IF($J37="","",INDEX($AA$2:$AA$187,MATCH($J37,$AF$2:$AF$187,0))) -> -21.675294 | F37: =IF($J37="","",INDEX($AB$2:$AB$187,MATCH($J37,$AF$2:$AF$187,0))) -> 150 | G37: =IF($J37="","",INDEX($AC$2:$AC$187,MATCH($J37,$AF$2:$AF$187,0))) -> 0.85138196 | H37: =IF($J37="","",INDEX($AD$2:$AD$187,MATCH($J37,$AF$2:$AF$187,0))) -> 0.049510527 | I37: =IF($J37="","",INDEX($AE$2:$AE$187,MATCH($J37,$AF$2:$AF$187,0))) -> -0.40884439 | J37: =IFERROR(LARGE($AF$2:$AF$187,A37),"") -> 0 | M37: 36 | N37: =IFERROR(IF(INDEX(GERAL[PONTO],M37)="","",INDEX(GERAL[PONTO],M37)),"") | O37: =IF(N37="","",IFERROR(INDEX(GERAL[ACUMULADA],36),0)) | P37: =IF(O37="","",$B$11-O37) | Q37: =IF(O37="","",IF(O37*1.15<=30,30,IF(O37*1.15<=45,45,IF(O37*1.15<=75,75,IF(O37*1.15<=112.5,112.5,IF(O37*1.15<=150,150,IF(O37*1.15<=225,225,300))))))) | R37: =IF(Q37="","",IFERROR(O37/Q37,0)) | S37: =IF(N37="","",IFERROR(INDEX(Tabela7[QT %],MATCH(N37,Tabela7[PONTO],0)),0)) | T37: =IF(O37="","",IFERROR(1-ABS(O37-P37)/$B$11,0)) | U37: =IF(N37="","",IF($B$9>$B$8,IFERROR((INDEX(GERAL[SNAP],36)-$B$8)/($B$9-$B$8),0),0)) | V37: =IF(OR(N37="",W37<>"LADO 1"),"",$L$2*IFERROR(O37/$B$11,0)+$L$3*IF($D$11>0,IFERROR(S37/$D$11,0),0)+$L$4*IFERROR(T37,0)-$L$5*IFERROR(U37,0)-$L$6*MAX(0,IFERROR(R37,0)-$L$7)+ROW()/1000000) | W37: =IFERROR(INDEX(GERAL[LADO],36),"") -> 0 | Y37: =IFERROR(IF(INDEX(GERAL[PONTO],M37)="","",INDEX(GERAL[PONTO],M37)),"") | Z37: =IF(Y37="","",IFERROR(INDEX(GERAL[ACUMULADA],36),0)) | AA37: =IF(Z37="","",$B$31-Z37) | AB37: =IF(Z37="","",IF(Z37*1.15<=30,30,IF(Z37*1.15<=45,45,IF(Z37*1.15<=75,75,IF(Z37*1.15<=112.5,112.5,IF(Z37*1.15<=150,150,IF(Z37*1.15<=225,225,300))))))) | AC37: =IF(AB37="","",IFERROR(Z37/AB37,0)) | AD37: =IF(Y37="","",IFERROR(INDEX(DIR_ATUAL[QT %],MATCH(Y37,DIR_ATUAL[PONTO],0)),0)) | AE37: =IF(Z37="","",IFERROR(1-ABS(Z37-AA37)/$B$31,0)) | AF37: =IF(Y37="","",IF($E$9>$E$8,IFERROR((INDEX(GERAL[SNAP],36)-$E$8)/($E$9-$E$8),0),0)) | AG37: =IF(OR(Y37="",AH37<>"LADO 2"),"",$L$2*IFERROR(Z37/$B$31,0)+$L$3*IF($D$31>0,IFERROR(AD37/$D$31,0),0)+$L$4*IFERROR(AE37,0)-$L$5*IFERROR(AF37,0)-$L$6*MAX(0,IFERROR(AC37,0)-$L$7)+ROW()/1000000) | AH37: =IFERROR(INDEX(GERAL[LADO],36),"") -> 0
A38: 5 | B38: =IF($J38="","",INDEX($Y$2:$Y$188,MATCH($J38,$AF$2:$AF$187,0))) -> 1 | C38: =IF($J38="","",INDEX($Y$2:$Y$187,MATCH($J38,$AF$2:$AF$187,0))) -> 1 | D38: =IF($J38="","",INDEX($Z$2:$Z$187,MATCH($J38,$AF$2:$AF$187,0))) -> 127.70729 | E38: =IF($J38="","",INDEX($AA$2:$AA$187,MATCH($J38,$AF$2:$AF$187,0))) -> -21.675294 | F38: =IF($J38="","",INDEX($AB$2:$AB$187,MATCH($J38,$AF$2:$AF$187,0))) -> 150 | G38: =IF($J38="","",INDEX($AC$2:$AC$187,MATCH($J38,$AF$2:$AF$187,0))) -> 0.85138196 | H38: =IF($J38="","",INDEX($AD$2:$AD$187,MATCH($J38,$AF$2:$AF$187,0))) -> 0.049510527 | I38: =IF($J38="","",INDEX($AE$2:$AE$187,MATCH($J38,$AF$2:$AF$187,0))) -> -0.40884439 | J38: =IFERROR(LARGE($AF$2:$AF$187,A38),"") -> 0 | M38: 37 | N38: =IFERROR(IF(INDEX(GERAL[PONTO],M38)="","",INDEX(GERAL[PONTO],M38)),"") | O38: =IF(N38="","",IFERROR(INDEX(GERAL[ACUMULADA],37),0)) | P38: =IF(O38="","",$B$11-O38) | Q38: =IF(O38="","",IF(O38*1.15<=30,30,IF(O38*1.15<=45,45,IF(O38*1.15<=75,75,IF(O38*1.15<=112.5,112.5,IF(O38*1.15<=150,150,IF(O38*1.15<=225,225,300))))))) | R38: =IF(Q38="","",IFERROR(O38/Q38,0)) | S38: =IF(N38="","",IFERROR(INDEX(Tabela7[QT %],MATCH(N38,Tabela7[PONTO],0)),0)) | T38: =IF(O38="","",IFERROR(1-ABS(O38-P38)/$B$11,0)) | U38: =IF(N38="","",IF($B$9>$B$8,IFERROR((INDEX(GERAL[SNAP],37)-$B$8)/($B$9-$B$8),0),0)) | V38: =IF(OR(N38="",W38<>"LADO 1"),"",$L$2*IFERROR(O38/$B$11,0)+$L$3*IF($D$11>0,IFERROR(S38/$D$11,0),0)+$L$4*IFERROR(T38,0)-$L$5*IFERROR(U38,0)-$L$6*MAX(0,IFERROR(R38,0)-$L$7)+ROW()/1000000) | W38: =IFERROR(INDEX(GERAL[LADO],37),"") -> 0 | Y38: =IFERROR(IF(INDEX(GERAL[PONTO],M38)="","",INDEX(GERAL[PONTO],M38)),"") | Z38: =IF(Y38="","",IFERROR(INDEX(GERAL[ACUMULADA],37),0)) | AA38: =IF(Z38="","",$B$31-Z38) | AB38: =IF(Z38="","",IF(Z38*1.15<=30,30,IF(Z38*1.15<=45,45,IF(Z38*1.15<=75,75,IF(Z38*1.15<=112.5,112.5,IF(Z38*1.15<=150,150,IF(Z38*1.15<=225,225,300))))))) | AC38: =IF(AB38="","",IFERROR(Z38/AB38,0)) | AD38: =IF(Y38="","",IFERROR(INDEX(DIR_ATUAL[QT %],MATCH(Y38,DIR_ATUAL[PONTO],0)),0)) | AE38: =IF(Z38="","",IFERROR(1-ABS(Z38-AA38)/$B$31,0)) | AF38: =IF(Y38="","",IF($E$9>$E$8,IFERROR((INDEX(GERAL[SNAP],37)-$E$8)/($E$9-$E$8),0),0)) | AG38: =IF(OR(Y38="",AH38<>"LADO 2"),"",$L$2*IFERROR(Z38/$B$31,0)+$L$3*IF($D$31>0,IFERROR(AD38/$D$31,0),0)+$L$4*IFERROR(AE38,0)-$L$5*IFERROR(AF38,0)-$L$6*MAX(0,IFERROR(AC38,0)-$L$7)+ROW()/1000000) | AH38: =IFERROR(INDEX(GERAL[LADO],37),"") -> 0
A39: 6 | B39: =IF($J39="","",INDEX($Y$2:$Y$188,MATCH($J39,$AF$2:$AF$187,0))) -> 1 | C39: =IF($J39="","",INDEX($Y$2:$Y$187,MATCH($J39,$AF$2:$AF$187,0))) -> 1 | D39: =IF($J39="","",INDEX($Z$2:$Z$187,MATCH($J39,$AF$2:$AF$187,0))) -> 127.70729 | E39: =IF($J39="","",INDEX($AA$2:$AA$187,MATCH($J39,$AF$2:$AF$187,0))) -> -21.675294 | F39: =IF($J39="","",INDEX($AB$2:$AB$187,MATCH($J39,$AF$2:$AF$187,0))) -> 150 | G39: =IF($J39="","",INDEX($AC$2:$AC$187,MATCH($J39,$AF$2:$AF$187,0))) -> 0.85138196 | H39: =IF($J39="","",INDEX($AD$2:$AD$187,MATCH($J39,$AF$2:$AF$187,0))) -> 0.049510527 | I39: =IF($J39="","",INDEX($AE$2:$AE$187,MATCH($J39,$AF$2:$AF$187,0))) -> -0.40884439 | J39: =IFERROR(LARGE($AF$2:$AF$187,A39),"") -> 0 | M39: 38 | N39: =IFERROR(IF(INDEX(GERAL[PONTO],M39)="","",INDEX(GERAL[PONTO],M39)),"") | O39: =IF(N39="","",IFERROR(INDEX(GERAL[ACUMULADA],38),0)) | P39: =IF(O39="","",$B$11-O39) | Q39: =IF(O39="","",IF(O39*1.15<=30,30,IF(O39*1.15<=45,45,IF(O39*1.15<=75,75,IF(O39*1.15<=112.5,112.5,IF(O39*1.15<=150,150,IF(O39*1.15<=225,225,300))))))) | R39: =IF(Q39="","",IFERROR(O39/Q39,0)) | S39: =IF(N39="","",IFERROR(INDEX(Tabela7[QT %],MATCH(N39,Tabela7[PONTO],0)),0)) | T39: =IF(O39="","",IFERROR(1-ABS(O39-P39)/$B$11,0)) | U39: =IF(N39="","",IF($B$9>$B$8,IFERROR((INDEX(GERAL[SNAP],38)-$B$8)/($B$9-$B$8),0),0)) | V39: =IF(OR(N39="",W39<>"LADO 1"),"",$L$2*IFERROR(O39/$B$11,0)+$L$3*IF($D$11>0,IFERROR(S39/$D$11,0),0)+$L$4*IFERROR(T39,0)-$L$5*IFERROR(U39,0)-$L$6*MAX(0,IFERROR(R39,0)-$L$7)+ROW()/1000000) | W39: =IFERROR(INDEX(GERAL[LADO],38),"") -> 0 | Y39: =IFERROR(IF(INDEX(GERAL[PONTO],M39)="","",INDEX(GERAL[PONTO],M39)),"") | Z39: =IF(Y39="","",IFERROR(INDEX(GERAL[ACUMULADA],38),0)) | AA39: =IF(Z39="","",$B$31-Z39) | AB39: =IF(Z39="","",IF(Z39*1.15<=30,30,IF(Z39*1.15<=45,45,IF(Z39*1.15<=75,75,IF(Z39*1.15<=112.5,112.5,IF(Z39*1.15<=150,150,IF(Z39*1.15<=225,225,300))))))) | AC39: =IF(AB39="","",IFERROR(Z39/AB39,0)) | AD39: =IF(Y39="","",IFERROR(INDEX(DIR_ATUAL[QT %],MATCH(Y39,DIR_ATUAL[PONTO],0)),0)) | AE39: =IF(Z39="","",IFERROR(1-ABS(Z39-AA39)/$B$31,0)) | AF39: =IF(Y39="","",IF($E$9>$E$8,IFERROR((INDEX(GERAL[SNAP],38)-$E$8)/($E$9-$E$8),0),0)) | AG39: =IF(OR(Y39="",AH39<>"LADO 2"),"",$L$2*IFERROR(Z39/$B$31,0)+$L$3*IF($D$31>0,IFERROR(AD39/$D$31,0),0)+$L$4*IFERROR(AE39,0)-$L$5*IFERROR(AF39,0)-$L$6*MAX(0,IFERROR(AC39,0)-$L$7)+ROW()/1000000) | AH39: =IFERROR(INDEX(GERAL[LADO],38),"") -> 0
A40: 7 | B40: =IF($J40="","",INDEX($Y$2:$Y$188,MATCH($J40,$AF$2:$AF$187,0))) -> 1 | C40: =IF($J40="","",INDEX($Y$2:$Y$187,MATCH($J40,$AF$2:$AF$187,0))) -> 1 | D40: =IF($J40="","",INDEX($Z$2:$Z$187,MATCH($J40,$AF$2:$AF$187,0))) -> 127.70729 | E40: =IF($J40="","",INDEX($AA$2:$AA$187,MATCH($J40,$AF$2:$AF$187,0))) -> -21.675294 | F40: =IF($J40="","",INDEX($AB$2:$AB$187,MATCH($J40,$AF$2:$AF$187,0))) -> 150 | G40: =IF($J40="","",INDEX($AC$2:$AC$187,MATCH($J40,$AF$2:$AF$187,0))) -> 0.85138196 | H40: =IF($J40="","",INDEX($AD$2:$AD$187,MATCH($J40,$AF$2:$AF$187,0))) -> 0.049510527 | I40: =IF($J40="","",INDEX($AE$2:$AE$187,MATCH($J40,$AF$2:$AF$187,0))) -> -0.40884439 | J40: =IFERROR(LARGE($AF$2:$AF$187,A40),"") -> 0 | M40: 39 | N40: =IFERROR(IF(INDEX(GERAL[PONTO],M40)="","",INDEX(GERAL[PONTO],M40)),"") | O40: =IF(N40="","",IFERROR(INDEX(GERAL[ACUMULADA],39),0)) | P40: =IF(O40="","",$B$11-O40) | Q40: =IF(O40="","",IF(O40*1.15<=30,30,IF(O40*1.15<=45,45,IF(O40*1.15<=75,75,IF(O40*1.15<=112.5,112.5,IF(O40*1.15<=150,150,IF(O40*1.15<=225,225,300))))))) | R40: =IF(Q40="","",IFERROR(O40/Q40,0)) | S40: =IF(N40="","",IFERROR(INDEX(Tabela7[QT %],MATCH(N40,Tabela7[PONTO],0)),0)) | T40: =IF(O40="","",IFERROR(1-ABS(O40-P40)/$B$11,0)) | U40: =IF(N40="","",IF($B$9>$B$8,IFERROR((INDEX(GERAL[SNAP],39)-$B$8)/($B$9-$B$8),0),0)) | V40: =IF(OR(N40="",W40<>"LADO 1"),"",$L$2*IFERROR(O40/$B$11,0)+$L$3*IF($D$11>0,IFERROR(S40/$D$11,0),0)+$L$4*IFERROR(T40,0)-$L$5*IFERROR(U40,0)-$L$6*MAX(0,IFERROR(R40,0)-$L$7)+ROW()/1000000) | W40: =IFERROR(INDEX(GERAL[LADO],39),"") -> 0 | Y40: =IFERROR(IF(INDEX(GERAL[PONTO],M40)="","",INDEX(GERAL[PONTO],M40)),"") | Z40: =IF(Y40="","",IFERROR(INDEX(GERAL[ACUMULADA],39),0)) | AA40: =IF(Z40="","",$B$31-Z40) | AB40: =IF(Z40="","",IF(Z40*1.15<=30,30,IF(Z40*1.15<=45,45,IF(Z40*1.15<=75,75,IF(Z40*1.15<=112.5,112.5,IF(Z40*1.15<=150,150,IF(Z40*1.15<=225,225,300))))))) | AC40: =IF(AB40="","",IFERROR(Z40/AB40,0)) | AD40: =IF(Y40="","",IFERROR(INDEX(DIR_ATUAL[QT %],MATCH(Y40,DIR_ATUAL[PONTO],0)),0)) | AE40: =IF(Z40="","",IFERROR(1-ABS(Z40-AA40)/$B$31,0)) | AF40: =IF(Y40="","",IF($E$9>$E$8,IFERROR((INDEX(GERAL[SNAP],39)-$E$8)/($E$9-$E$8),0),0)) | AG40: =IF(OR(Y40="",AH40<>"LADO 2"),"",$L$2*IFERROR(Z40/$B$31,0)+$L$3*IF($D$31>0,IFERROR(AD40/$D$31,0),0)+$L$4*IFERROR(AE40,0)-$L$5*IFERROR(AF40,0)-$L$6*MAX(0,IFERROR(AC40,0)-$L$7)+ROW()/1000000) | AH40: =IFERROR(INDEX(GERAL[LADO],39),"") -> 0
A41: 8 | B41: =IF($J41="","",INDEX($Y$2:$Y$188,MATCH($J41,$AF$2:$AF$187,0))) -> 1 | C41: =IF($J41="","",INDEX($Y$2:$Y$187,MATCH($J41,$AF$2:$AF$187,0))) -> 1 | D41: =IF($J41="","",INDEX($Z$2:$Z$187,MATCH($J41,$AF$2:$AF$187,0))) -> 127.70729 | E41: =IF($J41="","",INDEX($AA$2:$AA$187,MATCH($J41,$AF$2:$AF$187,0))) -> -21.675294 | F41: =IF($J41="","",INDEX($AB$2:$AB$187,MATCH($J41,$AF$2:$AF$187,0))) -> 150 | G41: =IF($J41="","",INDEX($AC$2:$AC$187,MATCH($J41,$AF$2:$AF$187,0))) -> 0.85138196 | H41: =IF($J41="","",INDEX($AD$2:$AD$187,MATCH($J41,$AF$2:$AF$187,0))) -> 0.049510527 | I41: =IF($J41="","",INDEX($AE$2:$AE$187,MATCH($J41,$AF$2:$AF$187,0))) -> -0.40884439 | J41: =IFERROR(LARGE($AF$2:$AF$187,A41),"") -> 0 | M41: 40 | N41: =IFERROR(IF(INDEX(GERAL[PONTO],M41)="","",INDEX(GERAL[PONTO],M41)),"") | O41: =IF(N41="","",IFERROR(INDEX(GERAL[ACUMULADA],40),0)) | P41: =IF(O41="","",$B$11-O41) | Q41: =IF(O41="","",IF(O41*1.15<=30,30,IF(O41*1.15<=45,45,IF(O41*1.15<=75,75,IF(O41*1.15<=112.5,112.5,IF(O41*1.15<=150,150,IF(O41*1.15<=225,225,300))))))) | R41: =IF(Q41="","",IFERROR(O41/Q41,0)) | S41: =IF(N41="","",IFERROR(INDEX(Tabela7[QT %],MATCH(N41,Tabela7[PONTO],0)),0)) | T41: =IF(O41="","",IFERROR(1-ABS(O41-P41)/$B$11,0)) | U41: =IF(N41="","",IF($B$9>$B$8,IFERROR((INDEX(GERAL[SNAP],40)-$B$8)/($B$9-$B$8),0),0)) | V41: =IF(OR(N41="",W41<>"LADO 1"),"",$L$2*IFERROR(O41/$B$11,0)+$L$3*IF($D$11>0,IFERROR(S41/$D$11,0),0)+$L$4*IFERROR(T41,0)-$L$5*IFERROR(U41,0)-$L$6*MAX(0,IFERROR(R41,0)-$L$7)+ROW()/1000000) | W41: =IFERROR(INDEX(GERAL[LADO],40),"") -> 0 | Y41: =IFERROR(IF(INDEX(GERAL[PONTO],M41)="","",INDEX(GERAL[PONTO],M41)),"") | Z41: =IF(Y41="","",IFERROR(INDEX(GERAL[ACUMULADA],40),0)) | AA41: =IF(Z41="","",$B$31-Z41) | AB41: =IF(Z41="","",IF(Z41*1.15<=30,30,IF(Z41*1.15<=45,45,IF(Z41*1.15<=75,75,IF(Z41*1.15<=112.5,112.5,IF(Z41*1.15<=150,150,IF(Z41*1.15<=225,225,300))))))) | AC41: =IF(AB41="","",IFERROR(Z41/AB41,0)) | AD41: =IF(Y41="","",IFERROR(INDEX(DIR_ATUAL[QT %],MATCH(Y41,DIR_ATUAL[PONTO],0)),0)) | AE41: =IF(Z41="","",IFERROR(1-ABS(Z41-AA41)/$B$31,0)) | AF41: =IF(Y41="","",IF($E$9>$E$8,IFERROR((INDEX(GERAL[SNAP],40)-$E$8)/($E$9-$E$8),0),0)) | AG41: =IF(OR(Y41="",AH41<>"LADO 2"),"",$L$2*IFERROR(Z41/$B$31,0)+$L$3*IF($D$31>0,IFERROR(AD41/$D$31,0),0)+$L$4*IFERROR(AE41,0)-$L$5*IFERROR(AF41,0)-$L$6*MAX(0,IFERROR(AC41,0)-$L$7)+ROW()/1000000) | AH41: =IFERROR(INDEX(GERAL[LADO],40),"") -> 0
A42: 9 | B42: =IF($J42="","",INDEX($Y$2:$Y$188,MATCH($J42,$AF$2:$AF$187,0))) -> 1 | C42: =IF($J42="","",INDEX($Y$2:$Y$187,MATCH($J42,$AF$2:$AF$187,0))) -> 1 | D42: =IF($J42="","",INDEX($Z$2:$Z$187,MATCH($J42,$AF$2:$AF$187,0))) -> 127.70729 | E42: =IF($J42="","",INDEX($AA$2:$AA$187,MATCH($J42,$AF$2:$AF$187,0))) -> -21.675294 | F42: =IF($J42="","",INDEX($AB$2:$AB$187,MATCH($J42,$AF$2:$AF$187,0))) -> 150 | G42: =IF($J42="","",INDEX($AC$2:$AC$187,MATCH($J42,$AF$2:$AF$187,0))) -> 0.85138196 | H42: =IF($J42="","",INDEX($AD$2:$AD$187,MATCH($J42,$AF$2:$AF$187,0))) -> 0.049510527 | I42: =IF($J42="","",INDEX($AE$2:$AE$187,MATCH($J42,$AF$2:$AF$187,0))) -> -0.40884439 | J42: =IFERROR(LARGE($AF$2:$AF$187,A42),"") -> 0 | M42: 41 | N42: =IFERROR(IF(INDEX(GERAL[PONTO],M42)="","",INDEX(GERAL[PONTO],M42)),"") | O42: =IF(N42="","",IFERROR(INDEX(GERAL[ACUMULADA],41),0)) | P42: =IF(O42="","",$B$11-O42) | Q42: =IF(O42="","",IF(O42*1.15<=30,30,IF(O42*1.15<=45,45,IF(O42*1.15<=75,75,IF(O42*1.15<=112.5,112.5,IF(O42*1.15<=150,150,IF(O42*1.15<=225,225,300))))))) | R42: =IF(Q42="","",IFERROR(O42/Q42,0)) | S42: =IF(N42="","",IFERROR(INDEX(Tabela7[QT %],MATCH(N42,Tabela7[PONTO],0)),0)) | T42: =IF(O42="","",IFERROR(1-ABS(O42-P42)/$B$11,0)) | U42: =IF(N42="","",IF($B$9>$B$8,IFERROR((INDEX(GERAL[SNAP],41)-$B$8)/($B$9-$B$8),0),0)) | V42: =IF(OR(N42="",W42<>"LADO 1"),"",$L$2*IFERROR(O42/$B$11,0)+$L$3*IF($D$11>0,IFERROR(S42/$D$11,0),0)+$L$4*IFERROR(T42,0)-$L$5*IFERROR(U42,0)-$L$6*MAX(0,IFERROR(R42,0)-$L$7)+ROW()/1000000) | W42: =IFERROR(INDEX(GERAL[LADO],41),"") -> 0 | Y42: =IFERROR(IF(INDEX(GERAL[PONTO],M42)="","",INDEX(GERAL[PONTO],M42)),"") | Z42: =IF(Y42="","",IFERROR(INDEX(GERAL[ACUMULADA],41),0)) | AA42: =IF(Z42="","",$B$31-Z42) | AB42: =IF(Z42="","",IF(Z42*1.15<=30,30,IF(Z42*1.15<=45,45,IF(Z42*1.15<=75,75,IF(Z42*1.15<=112.5,112.5,IF(Z42*1.15<=150,150,IF(Z42*1.15<=225,225,300))))))) | AC42: =IF(AB42="","",IFERROR(Z42/AB42,0)) | AD42: =IF(Y42="","",IFERROR(INDEX(DIR_ATUAL[QT %],MATCH(Y42,DIR_ATUAL[PONTO],0)),0)) | AE42: =IF(Z42="","",IFERROR(1-ABS(Z42-AA42)/$B$31,0)) | AF42: =IF(Y42="","",IF($E$9>$E$8,IFERROR((INDEX(GERAL[SNAP],41)-$E$8)/($E$9-$E$8),0),0)) | AG42: =IF(OR(Y42="",AH42<>"LADO 2"),"",$L$2*IFERROR(Z42/$B$31,0)+$L$3*IF($D$31>0,IFERROR(AD42/$D$31,0),0)+$L$4*IFERROR(AE42,0)-$L$5*IFERROR(AF42,0)-$L$6*MAX(0,IFERROR(AC42,0)-$L$7)+ROW()/1000000) | AH42: =IFERROR(INDEX(GERAL[LADO],41),"") -> 0
A43: 10 | B43: =IF($J43="","",INDEX($Y$2:$Y$188,MATCH($J43,$AF$2:$AF$187,0))) | C43: =IF($J43="","",INDEX($Y$2:$Y$187,MATCH($J43,$AF$2:$AF$187,0))) | D43: =IF($J43="","",INDEX($Z$2:$Z$187,MATCH($J43,$AF$2:$AF$187,0))) | E43: =IF($J43="","",INDEX($AA$2:$AA$187,MATCH($J43,$AF$2:$AF$187,0))) | F43: =IF($J43="","",INDEX($AB$2:$AB$187,MATCH($J43,$AF$2:$AF$187,0))) | G43: =IF($J43="","",INDEX($AC$2:$AC$187,MATCH($J43,$AF$2:$AF$187,0))) | H43: =IF($J43="","",INDEX($AD$2:$AD$187,MATCH($J43,$AF$2:$AF$187,0))) | I43: =IF($J43="","",INDEX($AE$2:$AE$187,MATCH($J43,$AF$2:$AF$187,0))) | J43: =IFERROR(LARGE($AF$2:$AF$187,A43),"") | M43: 42 | N43: =IFERROR(IF(INDEX(GERAL[PONTO],M43)="","",INDEX(GERAL[PONTO],M43)),"") | O43: =IF(N43="","",IFERROR(INDEX(GERAL[ACUMULADA],42),0)) | P43: =IF(O43="","",$B$11-O43) | Q43: =IF(O43="","",IF(O43*1.15<=30,30,IF(O43*1.15<=45,45,IF(O43*1.15<=75,75,IF(O43*1.15<=112.5,112.5,IF(O43*1.15<=150,150,IF(O43*1.15<=225,225,300))))))) | R43: =IF(Q43="","",IFERROR(O43/Q43,0)) | S43: =IF(N43="","",IFERROR(INDEX(Tabela7[QT %],MATCH(N43,Tabela7[PONTO],0)),0)) | T43: =IF(O43="","",IFERROR(1-ABS(O43-P43)/$B$11,0)) | U43: =IF(N43="","",IF($B$9>$B$8,IFERROR((INDEX(GERAL[SNAP],42)-$B$8)/($B$9-$B$8),0),0)) | V43: =IF(OR(N43="",W43<>"LADO 1"),"",$L$2*IFERROR(O43/$B$11,0)+$L$3*IF($D$11>0,IFERROR(S43/$D$11,0),0)+$L$4*IFERROR(T43,0)-$L$5*IFERROR(U43,0)-$L$6*MAX(0,IFERROR(R43,0)-$L$7)+ROW()/1000000) | W43: =IFERROR(INDEX(GERAL[LADO],42),"") -> 0 | Y43: =IFERROR(IF(INDEX(GERAL[PONTO],M43)="","",INDEX(GERAL[PONTO],M43)),"") | Z43: =IF(Y43="","",IFERROR(INDEX(GERAL[ACUMULADA],42),0)) | AA43: =IF(Z43="","",$B$31-Z43) | AB43: =IF(Z43="","",IF(Z43*1.15<=30,30,IF(Z43*1.15<=45,45,IF(Z43*1.15<=75,75,IF(Z43*1.15<=112.5,112.5,IF(Z43*1.15<=150,150,IF(Z43*1.15<=225,225,300))))))) | AC43: =IF(AB43="","",IFERROR(Z43/AB43,0)) | AD43: =IF(Y43="","",IFERROR(INDEX(DIR_ATUAL[QT %],MATCH(Y43,DIR_ATUAL[PONTO],0)),0)) | AE43: =IF(Z43="","",IFERROR(1-ABS(Z43-AA43)/$B$31,0)) | AF43: =IF(Y43="","",IF($E$9>$E$8,IFERROR((INDEX(GERAL[SNAP],42)-$E$8)/($E$9-$E$8),0),0)) | AG43: =IF(OR(Y43="",AH43<>"LADO 2"),"",$L$2*IFERROR(Z43/$B$31,0)+$L$3*IF($D$31>0,IFERROR(AD43/$D$31,0),0)+$L$4*IFERROR(AE43,0)-$L$5*IFERROR(AF43,0)-$L$6*MAX(0,IFERROR(AC43,0)-$L$7)+ROW()/1000000) | AH43: =IFERROR(INDEX(GERAL[LADO],42),"") -> 0
M44: 43 | N44: =IFERROR(IF(INDEX(GERAL[PONTO],M44)="","",INDEX(GERAL[PONTO],M44)),"") | O44: =IF(N44="","",IFERROR(INDEX(GERAL[ACUMULADA],43),0)) | P44: =IF(O44="","",$B$11-O44) | Q44: =IF(O44="","",IF(O44*1.15<=30,30,IF(O44*1.15<=45,45,IF(O44*1.15<=75,75,IF(O44*1.15<=112.5,112.5,IF(O44*1.15<=150,150,IF(O44*1.15<=225,225,300))))))) | R44: =IF(Q44="","",IFERROR(O44/Q44,0)) | S44: =IF(N44="","",IFERROR(INDEX(Tabela7[QT %],MATCH(N44,Tabela7[PONTO],0)),0)) | T44: =IF(O44="","",IFERROR(1-ABS(O44-P44)/$B$11,0)) | U44: =IF(N44="","",IF($B$9>$B$8,IFERROR((INDEX(GERAL[SNAP],43)-$B$8)/($B$9-$B$8),0),0)) | V44: =IF(OR(N44="",W44<>"LADO 1"),"",$L$2*IFERROR(O44/$B$11,0)+$L$3*IF($D$11>0,IFERROR(S44/$D$11,0),0)+$L$4*IFERROR(T44,0)-$L$5*IFERROR(U44,0)-$L$6*MAX(0,IFERROR(R44,0)-$L$7)+ROW()/1000000) | W44: =IFERROR(INDEX(GERAL[LADO],43),"") -> 0 | Y44: =IFERROR(IF(INDEX(GERAL[PONTO],M44)="","",INDEX(GERAL[PONTO],M44)),"") | Z44: =IF(Y44="","",IFERROR(INDEX(GERAL[ACUMULADA],43),0)) | AA44: =IF(Z44="","",$B$31-Z44) | AB44: =IF(Z44="","",IF(Z44*1.15<=30,30,IF(Z44*1.15<=45,45,IF(Z44*1.15<=75,75,IF(Z44*1.15<=112.5,112.5,IF(Z44*1.15<=150,150,IF(Z44*1.15<=225,225,300))))))) | AC44: =IF(AB44="","",IFERROR(Z44/AB44,0)) | AD44: =IF(Y44="","",IFERROR(INDEX(DIR_ATUAL[QT %],MATCH(Y44,DIR_ATUAL[PONTO],0)),0)) | AE44: =IF(Z44="","",IFERROR(1-ABS(Z44-AA44)/$B$31,0)) | AF44: =IF(Y44="","",IF($E$9>$E$8,IFERROR((INDEX(GERAL[SNAP],43)-$E$8)/($E$9-$E$8),0),0)) | AG44: =IF(OR(Y44="",AH44<>"LADO 2"),"",$L$2*IFERROR(Z44/$B$31,0)+$L$3*IF($D$31>0,IFERROR(AD44/$D$31,0),0)+$L$4*IFERROR(AE44,0)-$L$5*IFERROR(AF44,0)-$L$6*MAX(0,IFERROR(AC44,0)-$L$7)+ROW()/1000000) | AH44: =IFERROR(INDEX(GERAL[LADO],43),"") -> 0
M57: =IFERROR(INDEX(GERAL[PONTO],44),"") | N57: =IF(M57="","",IFERROR(INDEX(GERAL[ACUMULADA],44),0)) | O57: =IF(N57="","",$B$11-N57) | P57: =IF(N57="","",IF(N57*1.15<=30,30,IF(N57*1.15<=45,45,IF(N57*1.15<=75,75,IF(N57*1.15<=112.5,112.5,IF(N57*1.15<=150,150,IF(N57*1.15<=225,225,300))))))) | Q57: =IF(P57="","",IFERROR(N57/P57,0)) | R57: =IF(M57="","",IFERROR(INDEX(Tabela7[QT %],MATCH(M57,Tabela7[PONTO],0)),0)) | S57: =IF(N57="","",IFERROR(1-ABS(N57-O57)/$B$11,0)) | T57: =IF(M57="","",IF($B$9>$B$8,IFERROR((INDEX(GERAL[SNAP],44)-$B$8)/($B$9-$B$8),0),0)) | U57: =IF(OR(M57="",V57<>"LADO 1"),"",$L$2*IFERROR(N57/$B$11,0)+$L$3*IF($D$11>0,IFERROR(R57/$D$11,0),0)+$L$4*IFERROR(S57,0)-$L$5*IFERROR(T57,0)-$L$6*MAX(0,IFERROR(Q57,0)-$L$7)+ROW()/1000000) | V57: =IFERROR(INDEX(GERAL[LADO],44),"")
M58: =IFERROR(INDEX(GERAL[PONTO],45),"") | N58: =IF(M58="","",IFERROR(INDEX(GERAL[ACUMULADA],45),0)) | O58: =IF(N58="","",$B$11-N58) | P58: =IF(N58="","",IF(N58*1.15<=30,30,IF(N58*1.15<=45,45,IF(N58*1.15<=75,75,IF(N58*1.15<=112.5,112.5,IF(N58*1.15<=150,150,IF(N58*1.15<=225,225,300))))))) | Q58: =IF(P58="","",IFERROR(N58/P58,0)) | R58: =IF(M58="","",IFERROR(INDEX(Tabela7[QT %],MATCH(M58,Tabela7[PONTO],0)),0)) | S58: =IF(N58="","",IFERROR(1-ABS(N58-O58)/$B$11,0)) | T58: =IF(M58="","",IF($B$9>$B$8,IFERROR((INDEX(GERAL[SNAP],45)-$B$8)/($B$9-$B$8),0),0)) | U58: =IF(OR(M58="",V58<>"LADO 1"),"",$L$2*IFERROR(N58/$B$11,0)+$L$3*IF($D$11>0,IFERROR(R58/$D$11,0),0)+$L$4*IFERROR(S58,0)-$L$5*IFERROR(T58,0)-$L$6*MAX(0,IFERROR(Q58,0)-$L$7)+ROW()/1000000) | V58: =IFERROR(INDEX(GERAL[LADO],45),"")
M59: =IFERROR(INDEX(GERAL[PONTO],46),"") | N59: =IF(M59="","",IFERROR(INDEX(GERAL[ACUMULADA],46),0)) | O59: =IF(N59="","",$B$11-N59) | P59: =IF(N59="","",IF(N59*1.15<=30,30,IF(N59*1.15<=45,45,IF(N59*1.15<=75,75,IF(N59*1.15<=112.5,112.5,IF(N59*1.15<=150,150,IF(N59*1.15<=225,225,300))))))) | Q59: =IF(P59="","",IFERROR(N59/P59,0)) | R59: =IF(M59="","",IFERROR(INDEX(Tabela7[QT %],MATCH(M59,Tabela7[PONTO],0)),0)) | S59: =IF(N59="","",IFERROR(1-ABS(N59-O59)/$B$11,0)) | T59: =IF(M59="","",IF($B$9>$B$8,IFERROR((INDEX(GERAL[SNAP],46)-$B$8)/($B$9-$B$8),0),0)) | U59: =IF(OR(M59="",V59<>"LADO 1"),"",$L$2*IFERROR(N59/$B$11,0)+$L$3*IF($D$11>0,IFERROR(R59/$D$11,0),0)+$L$4*IFERROR(S59,0)-$L$5*IFERROR(T59,0)-$L$6*MAX(0,IFERROR(Q59,0)-$L$7)+ROW()/1000000) | V59: =IFERROR(INDEX(GERAL[LADO],46),"")
M60: =IFERROR(INDEX(GERAL[PONTO],47),"") | N60: =IF(M60="","",IFERROR(INDEX(GERAL[ACUMULADA],47),0)) | O60: =IF(N60="","",$B$11-N60) | P60: =IF(N60="","",IF(N60*1.15<=30,30,IF(N60*1.15<=45,45,IF(N60*1.15<=75,75,IF(N60*1.15<=112.5,112.5,IF(N60*1.15<=150,150,IF(N60*1.15<=225,225,300))))))) | Q60: =IF(P60="","",IFERROR(N60/P60,0)) | R60: =IF(M60="","",IFERROR(INDEX(Tabela7[QT %],MATCH(M60,Tabela7[PONTO],0)),0)) | S60: =IF(N60="","",IFERROR(1-ABS(N60-O60)/$B$11,0)) | T60: =IF(M60="","",IF($B$9>$B$8,IFERROR((INDEX(GERAL[SNAP],47)-$B$8)/($B$9-$B$8),0),0)) | U60: =IF(OR(M60="",V60<>"LADO 1"),"",$L$2*IFERROR(N60/$B$11,0)+$L$3*IF($D$11>0,IFERROR(R60/$D$11,0),0)+$L$4*IFERROR(S60,0)-$L$5*IFERROR(T60,0)-$L$6*MAX(0,IFERROR(Q60,0)-$L$7)+ROW()/1000000) | V60: =IFERROR(INDEX(GERAL[LADO],47),"")
M61: =IFERROR(INDEX(GERAL[PONTO],48),"") | N61: =IF(M61="","",IFERROR(INDEX(GERAL[ACUMULADA],48),0)) | O61: =IF(N61="","",$B$11-N61) | P61: =IF(N61="","",IF(N61*1.15<=30,30,IF(N61*1.15<=45,45,IF(N61*1.15<=75,75,IF(N61*1.15<=112.5,112.5,IF(N61*1.15<=150,150,IF(N61*1.15<=225,225,300))))))) | Q61: =IF(P61="","",IFERROR(N61/P61,0)) | R61: =IF(M61="","",IFERROR(INDEX(Tabela7[QT %],MATCH(M61,Tabela7[PONTO],0)),0)) | S61: =IF(N61="","",IFERROR(1-ABS(N61-O61)/$B$11,0)) | T61: =IF(M61="","",IF($B$9>$B$8,IFERROR((INDEX(GERAL[SNAP],48)-$B$8)/($B$9-$B$8),0),0)) | U61: =IF(OR(M61="",V61<>"LADO 1"),"",$L$2*IFERROR(N61/$B$11,0)+$L$3*IF($D$11>0,IFERROR(R61/$D$11,0),0)+$L$4*IFERROR(S61,0)-$L$5*IFERROR(T61,0)-$L$6*MAX(0,IFERROR(Q61,0)-$L$7)+ROW()/1000000) | V61: =IFERROR(INDEX(GERAL[LADO],48),"")
M62: =IFERROR(INDEX(GERAL[PONTO],49),"") | N62: =IF(M62="","",IFERROR(INDEX(GERAL[ACUMULADA],49),0)) | O62: =IF(N62="","",$B$11-N62) | P62: =IF(N62="","",IF(N62*1.15<=30,30,IF(N62*1.15<=45,45,IF(N62*1.15<=75,75,IF(N62*1.15<=112.5,112.5,IF(N62*1.15<=150,150,IF(N62*1.15<=225,225,300))))))) | Q62: =IF(P62="","",IFERROR(N62/P62,0)) | R62: =IF(M62="","",IFERROR(INDEX(Tabela7[QT %],MATCH(M62,Tabela7[PONTO],0)),0)) | S62: =IF(N62="","",IFERROR(1-ABS(N62-O62)/$B$11,0)) | T62: =IF(M62="","",IF($B$9>$B$8,IFERROR((INDEX(GERAL[SNAP],49)-$B$8)/($B$9-$B$8),0),0)) | U62: =IF(OR(M62="",V62<>"LADO 1"),"",$L$2*IFERROR(N62/$B$11,0)+$L$3*IF($D$11>0,IFERROR(R62/$D$11,0),0)+$L$4*IFERROR(S62,0)-$L$5*IFERROR(T62,0)-$L$6*MAX(0,IFERROR(Q62,0)-$L$7)+ROW()/1000000) | V62: =IFERROR(INDEX(GERAL[LADO],49),"")
M63: =IFERROR(INDEX(GERAL[PONTO],50),"") | N63: =IF(M63="","",IFERROR(INDEX(GERAL[ACUMULADA],50),0)) | O63: =IF(N63="","",$B$11-N63) | P63: =IF(N63="","",IF(N63*1.15<=30,30,IF(N63*1.15<=45,45,IF(N63*1.15<=75,75,IF(N63*1.15<=112.5,112.5,IF(N63*1.15<=150,150,IF(N63*1.15<=225,225,300))))))) | Q63: =IF(P63="","",IFERROR(N63/P63,0)) | R63: =IF(M63="","",IFERROR(INDEX(Tabela7[QT %],MATCH(M63,Tabela7[PONTO],0)),0)) | S63: =IF(N63="","",IFERROR(1-ABS(N63-O63)/$B$11,0)) | T63: =IF(M63="","",IF($B$9>$B$8,IFERROR((INDEX(GERAL[SNAP],50)-$B$8)/($B$9-$B$8),0),0)) | U63: =IF(OR(M63="",V63<>"LADO 1"),"",$L$2*IFERROR(N63/$B$11,0)+$L$3*IF($D$11>0,IFERROR(R63/$D$11,0),0)+$L$4*IFERROR(S63,0)-$L$5*IFERROR(T63,0)-$L$6*MAX(0,IFERROR(Q63,0)-$L$7)+ROW()/1000000) | V63: =IFERROR(INDEX(GERAL[LADO],50),"")
M64: =IFERROR(INDEX(GERAL[PONTO],51),"") | N64: =IF(M64="","",IFERROR(INDEX(GERAL[ACUMULADA],51),0)) | O64: =IF(N64="","",$B$11-N64) | P64: =IF(N64="","",IF(N64*1.15<=30,30,IF(N64*1.15<=45,45,IF(N64*1.15<=75,75,IF(N64*1.15<=112.5,112.5,IF(N64*1.15<=150,150,IF(N64*1.15<=225,225,300))))))) | Q64: =IF(P64="","",IFERROR(N64/P64,0)) | R64: =IF(M64="","",IFERROR(INDEX(Tabela7[QT %],MATCH(M64,Tabela7[PONTO],0)),0)) | S64: =IF(N64="","",IFERROR(1-ABS(N64-O64)/$B$11,0)) | T64: =IF(M64="","",IF($B$9>$B$8,IFERROR((INDEX(GERAL[SNAP],51)-$B$8)/($B$9-$B$8),0),0)) | U64: =IF(OR(M64="",V64<>"LADO 1"),"",$L$2*IFERROR(N64/$B$11,0)+$L$3*IF($D$11>0,IFERROR(R64/$D$11,0),0)+$L$4*IFERROR(S64,0)-$L$5*IFERROR(T64,0)-$L$6*MAX(0,IFERROR(Q64,0)-$L$7)+ROW()/1000000) | V64: =IFERROR(INDEX(GERAL[LADO],51),"")
M65: =IFERROR(INDEX(GERAL[PONTO],52),"") | N65: =IF(M65="","",IFERROR(INDEX(GERAL[ACUMULADA],52),0)) | O65: =IF(N65="","",$B$11-N65) | P65: =IF(N65="","",IF(N65*1.15<=30,30,IF(N65*1.15<=45,45,IF(N65*1.15<=75,75,IF(N65*1.15<=112.5,112.5,IF(N65*1.15<=150,150,IF(N65*1.15<=225,225,300))))))) | Q65: =IF(P65="","",IFERROR(N65/P65,0)) | R65: =IF(M65="","",IFERROR(INDEX(Tabela7[QT %],MATCH(M65,Tabela7[PONTO],0)),0)) | S65: =IF(N65="","",IFERROR(1-ABS(N65-O65)/$B$11,0)) | T65: =IF(M65="","",IF($B$9>$B$8,IFERROR((INDEX(GERAL[SNAP],52)-$B$8)/($B$9-$B$8),0),0)) | U65: =IF(OR(M65="",V65<>"LADO 1"),"",$L$2*IFERROR(N65/$B$11,0)+$L$3*IF($D$11>0,IFERROR(R65/$D$11,0),0)+$L$4*IFERROR(S65,0)-$L$5*IFERROR(T65,0)-$L$6*MAX(0,IFERROR(Q65,0)-$L$7)+ROW()/1000000) | V65: =IFERROR(INDEX(GERAL[LADO],52),"")
M66: =IFERROR(INDEX(GERAL[PONTO],53),"") | N66: =IF(M66="","",IFERROR(INDEX(GERAL[ACUMULADA],53),0)) | O66: =IF(N66="","",$B$11-N66) | P66: =IF(N66="","",IF(N66*1.15<=30,30,IF(N66*1.15<=45,45,IF(N66*1.15<=75,75,IF(N66*1.15<=112.5,112.5,IF(N66*1.15<=150,150,IF(N66*1.15<=225,225,300))))))) | Q66: =IF(P66="","",IFERROR(N66/P66,0)) | R66: =IF(M66="","",IFERROR(INDEX(Tabela7[QT %],MATCH(M66,Tabela7[PONTO],0)),0)) | S66: =IF(N66="","",IFERROR(1-ABS(N66-O66)/$B$11,0)) | T66: =IF(M66="","",IF($B$9>$B$8,IFERROR((INDEX(GERAL[SNAP],53)-$B$8)/($B$9-$B$8),0),0)) | U66: =IF(OR(M66="",V66<>"LADO 1"),"",$L$2*IFERROR(N66/$B$11,0)+$L$3*IF($D$11>0,IFERROR(R66/$D$11,0),0)+$L$4*IFERROR(S66,0)-$L$5*IFERROR(T66,0)-$L$6*MAX(0,IFERROR(Q66,0)-$L$7)+ROW()/1000000) | V66: =IFERROR(INDEX(GERAL[LADO],53),"")
M67: =IFERROR(INDEX(GERAL[PONTO],54),"") | N67: =IF(M67="","",IFERROR(INDEX(GERAL[ACUMULADA],54),0)) | O67: =IF(N67="","",$B$11-N67) | P67: =IF(N67="","",IF(N67*1.15<=30,30,IF(N67*1.15<=45,45,IF(N67*1.15<=75,75,IF(N67*1.15<=112.5,112.5,IF(N67*1.15<=150,150,IF(N67*1.15<=225,225,300))))))) | Q67: =IF(P67="","",IFERROR(N67/P67,0)) | R67: =IF(M67="","",IFERROR(INDEX(Tabela7[QT %],MATCH(M67,Tabela7[PONTO],0)),0)) | S67: =IF(N67="","",IFERROR(1-ABS(N67-O67)/$B$11,0)) | T67: =IF(M67="","",IF($B$9>$B$8,IFERROR((INDEX(GERAL[SNAP],54)-$B$8)/($B$9-$B$8),0),0)) | U67: =IF(OR(M67="",V67<>"LADO 1"),"",$L$2*IFERROR(N67/$B$11,0)+$L$3*IF($D$11>0,IFERROR(R67/$D$11,0),0)+$L$4*IFERROR(S67,0)-$L$5*IFERROR(T67,0)-$L$6*MAX(0,IFERROR(Q67,0)-$L$7)+ROW()/1000000) | V67: =IFERROR(INDEX(GERAL[LADO],54),"")
M68: =IFERROR(INDEX(GERAL[PONTO],55),"") | N68: =IF(M68="","",IFERROR(INDEX(GERAL[ACUMULADA],55),0)) | O68: =IF(N68="","",$B$11-N68) | P68: =IF(N68="","",IF(N68*1.15<=30,30,IF(N68*1.15<=45,45,IF(N68*1.15<=75,75,IF(N68*1.15<=112.5,112.5,IF(N68*1.15<=150,150,IF(N68*1.15<=225,225,300))))))) | Q68: =IF(P68="","",IFERROR(N68/P68,0)) | R68: =IF(M68="","",IFERROR(INDEX(Tabela7[QT %],MATCH(M68,Tabela7[PONTO],0)),0)) | S68: =IF(N68="","",IFERROR(1-ABS(N68-O68)/$B$11,0)) | T68: =IF(M68="","",IF($B$9>$B$8,IFERROR((INDEX(GERAL[SNAP],55)-$B$8)/($B$9-$B$8),0),0)) | U68: =IF(OR(M68="",V68<>"LADO 1"),"",$L$2*IFERROR(N68/$B$11,0)+$L$3*IF($D$11>0,IFERROR(R68/$D$11,0),0)+$L$4*IFERROR(S68,0)-$L$5*IFERROR(T68,0)-$L$6*MAX(0,IFERROR(Q68,0)-$L$7)+ROW()/1000000) | V68: =IFERROR(INDEX(GERAL[LADO],55),"")
M69: =IFERROR(INDEX(GERAL[PONTO],56),"") | N69: =IF(M69="","",IFERROR(INDEX(GERAL[ACUMULADA],56),0)) | O69: =IF(N69="","",$B$11-N69) | P69: =IF(N69="","",IF(N69*1.15<=30,30,IF(N69*1.15<=45,45,IF(N69*1.15<=75,75,IF(N69*1.15<=112.5,112.5,IF(N69*1.15<=150,150,IF(N69*1.15<=225,225,300))))))) | Q69: =IF(P69="","",IFERROR(N69/P69,0)) | R69: =IF(M69="","",IFERROR(INDEX(Tabela7[QT %],MATCH(M69,Tabela7[PONTO],0)),0)) | S69: =IF(N69="","",IFERROR(1-ABS(N69-O69)/$B$11,0)) | T69: =IF(M69="","",IF($B$9>$B$8,IFERROR((INDEX(GERAL[SNAP],56)-$B$8)/($B$9-$B$8),0),0)) | U69: =IF(OR(M69="",V69<>"LADO 1"),"",$L$2*IFERROR(N69/$B$11,0)+$L$3*IF($D$11>0,IFERROR(R69/$D$11,0),0)+$L$4*IFERROR(S69,0)-$L$5*IFERROR(T69,0)-$L$6*MAX(0,IFERROR(Q69,0)-$L$7)+ROW()/1000000) | V69: =IFERROR(INDEX(GERAL[LADO],56),"")
M70: =IFERROR(INDEX(GERAL[PONTO],57),"") | N70: =IF(M70="","",IFERROR(INDEX(GERAL[ACUMULADA],57),0)) | O70: =IF(N70="","",$B$11-N70) | P70: =IF(N70="","",IF(N70*1.15<=30,30,IF(N70*1.15<=45,45,IF(N70*1.15<=75,75,IF(N70*1.15<=112.5,112.5,IF(N70*1.15<=150,150,IF(N70*1.15<=225,225,300))))))) | Q70: =IF(P70="","",IFERROR(N70/P70,0)) | R70: =IF(M70="","",IFERROR(INDEX(Tabela7[QT %],MATCH(M70,Tabela7[PONTO],0)),0)) | S70: =IF(N70="","",IFERROR(1-ABS(N70-O70)/$B$11,0)) | T70: =IF(M70="","",IF($B$9>$B$8,IFERROR((INDEX(GERAL[SNAP],57)-$B$8)/($B$9-$B$8),0),0)) | U70: =IF(OR(M70="",V70<>"LADO 1"),"",$L$2*IFERROR(N70/$B$11,0)+$L$3*IF($D$11>0,IFERROR(R70/$D$11,0),0)+$L$4*IFERROR(S70,0)-$L$5*IFERROR(T70,0)-$L$6*MAX(0,IFERROR(Q70,0)-$L$7)+ROW()/1000000) | V70: =IFERROR(INDEX(GERAL[LADO],57),"")
M71: =IFERROR(INDEX(GERAL[PONTO],58),"") | N71: =IF(M71="","",IFERROR(INDEX(GERAL[ACUMULADA],58),0)) | O71: =IF(N71="","",$B$11-N71) | P71: =IF(N71="","",IF(N71*1.15<=30,30,IF(N71*1.15<=45,45,IF(N71*1.15<=75,75,IF(N71*1.15<=112.5,112.5,IF(N71*1.15<=150,150,IF(N71*1.15<=225,225,300))))))) | Q71: =IF(P71="","",IFERROR(N71/P71,0)) | R71: =IF(M71="","",IFERROR(INDEX(Tabela7[QT %],MATCH(M71,Tabela7[PONTO],0)),0)) | S71: =IF(N71="","",IFERROR(1-ABS(N71-O71)/$B$11,0)) | T71: =IF(M71="","",IF($B$9>$B$8,IFERROR((INDEX(GERAL[SNAP],58)-$B$8)/($B$9-$B$8),0),0)) | U71: =IF(OR(M71="",V71<>"LADO 1"),"",$L$2*IFERROR(N71/$B$11,0)+$L$3*IF($D$11>0,IFERROR(R71/$D$11,0),0)+$L$4*IFERROR(S71,0)-$L$5*IFERROR(T71,0)-$L$6*MAX(0,IFERROR(Q71,0)-$L$7)+ROW()/1000000) | V71: =IFERROR(INDEX(GERAL[LADO],58),"")
M72: =IFERROR(INDEX(GERAL[PONTO],59),"") | N72: =IF(M72="","",IFERROR(INDEX(GERAL[ACUMULADA],59),0)) | O72: =IF(N72="","",$B$11-N72) | P72: =IF(N72="","",IF(N72*1.15<=30,30,IF(N72*1.15<=45,45,IF(N72*1.15<=75,75,IF(N72*1.15<=112.5,112.5,IF(N72*1.15<=150,150,IF(N72*1.15<=225,225,300))))))) | Q72: =IF(P72="","",IFERROR(N72/P72,0)) | R72: =IF(M72="","",IFERROR(INDEX(Tabela7[QT %],MATCH(M72,Tabela7[PONTO],0)),0)) | S72: =IF(N72="","",IFERROR(1-ABS(N72-O72)/$B$11,0)) | T72: =IF(M72="","",IF($B$9>$B$8,IFERROR((INDEX(GERAL[SNAP],59)-$B$8)/($B$9-$B$8),0),0)) | U72: =IF(OR(M72="",V72<>"LADO 1"),"",$L$2*IFERROR(N72/$B$11,0)+$L$3*IF($D$11>0,IFERROR(R72/$D$11,0),0)+$L$4*IFERROR(S72,0)-$L$5*IFERROR(T72,0)-$L$6*MAX(0,IFERROR(Q72,0)-$L$7)+ROW()/1000000) | V72: =IFERROR(INDEX(GERAL[LADO],59),"")
M73: =IFERROR(INDEX(GERAL[PONTO],60),"") | N73: =IF(M73="","",IFERROR(INDEX(GERAL[ACUMULADA],60),0)) | O73: =IF(N73="","",$B$11-N73) | P73: =IF(N73="","",IF(N73*1.15<=30,30,IF(N73*1.15<=45,45,IF(N73*1.15<=75,75,IF(N73*1.15<=112.5,112.5,IF(N73*1.15<=150,150,IF(N73*1.15<=225,225,300))))))) | Q73: =IF(P73="","",IFERROR(N73/P73,0)) | R73: =IF(M73="","",IFERROR(INDEX(Tabela7[QT %],MATCH(M73,Tabela7[PONTO],0)),0)) | S73: =IF(N73="","",IFERROR(1-ABS(N73-O73)/$B$11,0)) | T73: =IF(M73="","",IF($B$9>$B$8,IFERROR((INDEX(GERAL[SNAP],60)-$B$8)/($B$9-$B$8),0),0)) | U73: =IF(OR(M73="",V73<>"LADO 1"),"",$L$2*IFERROR(N73/$B$11,0)+$L$3*IF($D$11>0,IFERROR(R73/$D$11,0),0)+$L$4*IFERROR(S73,0)-$L$5*IFERROR(T73,0)-$L$6*MAX(0,IFERROR(Q73,0)-$L$7)+ROW()/1000000) | V73: =IFERROR(INDEX(GERAL[LADO],60),"")
M74: =IFERROR(INDEX(GERAL[PONTO],61),"") | N74: =IF(M74="","",IFERROR(INDEX(GERAL[ACUMULADA],61),0)) | O74: =IF(N74="","",$B$11-N74) | P74: =IF(N74="","",IF(N74*1.15<=30,30,IF(N74*1.15<=45,45,IF(N74*1.15<=75,75,IF(N74*1.15<=112.5,112.5,IF(N74*1.15<=150,150,IF(N74*1.15<=225,225,300))))))) | Q74: =IF(P74="","",IFERROR(N74/P74,0)) | R74: =IF(M74="","",IFERROR(INDEX(Tabela7[QT %],MATCH(M74,Tabela7[PONTO],0)),0)) | S74: =IF(N74="","",IFERROR(1-ABS(N74-O74)/$B$11,0)) | T74: =IF(M74="","",IF($B$9>$B$8,IFERROR((INDEX(GERAL[SNAP],61)-$B$8)/($B$9-$B$8),0),0)) | U74: =IF(OR(M74="",V74<>"LADO 1"),"",$L$2*IFERROR(N74/$B$11,0)+$L$3*IF($D$11>0,IFERROR(R74/$D$11,0),0)+$L$4*IFERROR(S74,0)-$L$5*IFERROR(T74,0)-$L$6*MAX(0,IFERROR(Q74,0)-$L$7)+ROW()/1000000) | V74: =IFERROR(INDEX(GERAL[LADO],61),"")
M75: =IFERROR(INDEX(GERAL[PONTO],62),"") | N75: =IF(M75="","",IFERROR(INDEX(GERAL[ACUMULADA],62),0)) | O75: =IF(N75="","",$B$11-N75) | P75: =IF(N75="","",IF(N75*1.15<=30,30,IF(N75*1.15<=45,45,IF(N75*1.15<=75,75,IF(N75*1.15<=112.5,112.5,IF(N75*1.15<=150,150,IF(N75*1.15<=225,225,300))))))) | Q75: =IF(P75="","",IFERROR(N75/P75,0)) | R75: =IF(M75="","",IFERROR(INDEX(Tabela7[QT %],MATCH(M75,Tabela7[PONTO],0)),0)) | S75: =IF(N75="","",IFERROR(1-ABS(N75-O75)/$B$11,0)) | T75: =IF(M75="","",IF($B$9>$B$8,IFERROR((INDEX(GERAL[SNAP],62)-$B$8)/($B$9-$B$8),0),0)) | U75: =IF(OR(M75="",V75<>"LADO 1"),"",$L$2*IFERROR(N75/$B$11,0)+$L$3*IF($D$11>0,IFERROR(R75/$D$11,0),0)+$L$4*IFERROR(S75,0)-$L$5*IFERROR(T75,0)-$L$6*MAX(0,IFERROR(Q75,0)-$L$7)+ROW()/1000000) | V75: =IFERROR(INDEX(GERAL[LADO],62),"")
M76: =IFERROR(INDEX(GERAL[PONTO],63),"") | N76: =IF(M76="","",IFERROR(INDEX(GERAL[ACUMULADA],63),0)) | O76: =IF(N76="","",$B$11-N76) | P76: =IF(N76="","",IF(N76*1.15<=30,30,IF(N76*1.15<=45,45,IF(N76*1.15<=75,75,IF(N76*1.15<=112.5,112.5,IF(N76*1.15<=150,150,IF(N76*1.15<=225,225,300))))))) | Q76: =IF(P76="","",IFERROR(N76/P76,0)) | R76: =IF(M76="","",IFERROR(INDEX(Tabela7[QT %],MATCH(M76,Tabela7[PONTO],0)),0)) | S76: =IF(N76="","",IFERROR(1-ABS(N76-O76)/$B$11,0)) | T76: =IF(M76="","",IF($B$9>$B$8,IFERROR((INDEX(GERAL[SNAP],63)-$B$8)/($B$9-$B$8),0),0)) | U76: =IF(OR(M76="",V76<>"LADO 1"),"",$L$2*IFERROR(N76/$B$11,0)+$L$3*IF($D$11>0,IFERROR(R76/$D$11,0),0)+$L$4*IFERROR(S76,0)-$L$5*IFERROR(T76,0)-$L$6*MAX(0,IFERROR(Q76,0)-$L$7)+ROW()/1000000) | V76: =IFERROR(INDEX(GERAL[LADO],63),"")
M77: =IFERROR(INDEX(GERAL[PONTO],64),"") | N77: =IF(M77="","",IFERROR(INDEX(GERAL[ACUMULADA],64),0)) | O77: =IF(N77="","",$B$11-N77) | P77: =IF(N77="","",IF(N77*1.15<=30,30,IF(N77*1.15<=45,45,IF(N77*1.15<=75,75,IF(N77*1.15<=112.5,112.5,IF(N77*1.15<=150,150,IF(N77*1.15<=225,225,300))))))) | Q77: =IF(P77="","",IFERROR(N77/P77,0)) | R77: =IF(M77="","",IFERROR(INDEX(Tabela7[QT %],MATCH(M77,Tabela7[PONTO],0)),0)) | S77: =IF(N77="","",IFERROR(1-ABS(N77-O77)/$B$11,0)) | T77: =IF(M77="","",IF($B$9>$B$8,IFERROR((INDEX(GERAL[SNAP],64)-$B$8)/($B$9-$B$8),0),0)) | U77: =IF(OR(M77="",V77<>"LADO 1"),"",$L$2*IFERROR(N77/$B$11,0)+$L$3*IF($D$11>0,IFERROR(R77/$D$11,0),0)+$L$4*IFERROR(S77,0)-$L$5*IFERROR(T77,0)-$L$6*MAX(0,IFERROR(Q77,0)-$L$7)+ROW()/1000000) | V77: =IFERROR(INDEX(GERAL[LADO],64),"") | X77: =IFERROR(INDEX(GERAL[PONTO],44),"") | Y77: =IF(X77="","",IFERROR(INDEX(GERAL[ACUMULADA],44),0)) | Z77: =IF(Y77="","",$B$31-Y77) | AA77: =IF(Y77="","",IF(Y77*1.15<=30,30,IF(Y77*1.15<=45,45,IF(Y77*1.15<=75,75,IF(Y77*1.15<=112.5,112.5,IF(Y77*1.15<=150,150,IF(Y77*1.15<=225,225,300))))))) | AB77: =IF(AA77="","",IFERROR(Y77/AA77,0)) | AC77: =IF(X77="","",IFERROR(INDEX(DIR_ATUAL[QT %],MATCH(X77,DIR_ATUAL[PONTO],0)),0)) | AD77: =IF(Y77="","",IFERROR(1-ABS(Y77-Z77)/$B$31,0)) | AE77: =IF(X77="","",IF($E$9>$E$8,IFERROR((INDEX(GERAL[SNAP],44)-$E$8)/($E$9-$E$8),0),0)) | AF77: =IF(OR(X77="",AG77<>"LADO 2"),"",$L$2*IFERROR(Y77/$B$31,0)+$L$3*IF($D$31>0,IFERROR(AC77/$D$31,0),0)+$L$4*IFERROR(AD77,0)-$L$5*IFERROR(AE77,0)-$L$6*MAX(0,IFERROR(AB77,0)-$L$7)+ROW()/1000000) | AG77: =IFERROR(INDEX(GERAL[LADO],44),"")
M78: =IFERROR(INDEX(GERAL[PONTO],65),"") | N78: =IF(M78="","",IFERROR(INDEX(GERAL[ACUMULADA],65),0)) | O78: =IF(N78="","",$B$11-N78) | P78: =IF(N78="","",IF(N78*1.15<=30,30,IF(N78*1.15<=45,45,IF(N78*1.15<=75,75,IF(N78*1.15<=112.5,112.5,IF(N78*1.15<=150,150,IF(N78*1.15<=225,225,300))))))) | Q78: =IF(P78="","",IFERROR(N78/P78,0)) | R78: =IF(M78="","",IFERROR(INDEX(Tabela7[QT %],MATCH(M78,Tabela7[PONTO],0)),0)) | S78: =IF(N78="","",IFERROR(1-ABS(N78-O78)/$B$11,0)) | T78: =IF(M78="","",IF($B$9>$B$8,IFERROR((INDEX(GERAL[SNAP],65)-$B$8)/($B$9-$B$8),0),0)) | U78: =IF(OR(M78="",V78<>"LADO 1"),"",$L$2*IFERROR(N78/$B$11,0)+$L$3*IF($D$11>0,IFERROR(R78/$D$11,0),0)+$L$4*IFERROR(S78,0)-$L$5*IFERROR(T78,0)-$L$6*MAX(0,IFERROR(Q78,0)-$L$7)+ROW()/1000000) | V78: =IFERROR(INDEX(GERAL[LADO],65),"") | X78: =IFERROR(INDEX(GERAL[PONTO],45),"") | Y78: =IF(X78="","",IFERROR(INDEX(GERAL[ACUMULADA],45),0)) | Z78: =IF(Y78="","",$B$31-Y78) | AA78: =IF(Y78="","",IF(Y78*1.15<=30,30,IF(Y78*1.15<=45,45,IF(Y78*1.15<=75,75,IF(Y78*1.15<=112.5,112.5,IF(Y78*1.15<=150,150,IF(Y78*1.15<=225,225,300))))))) | AB78: =IF(AA78="","",IFERROR(Y78/AA78,0)) | AC78: =IF(X78="","",IFERROR(INDEX(DIR_ATUAL[QT %],MATCH(X78,DIR_ATUAL[PONTO],0)),0)) | AD78: =IF(Y78="","",IFERROR(1-ABS(Y78-Z78)/$B$31,0)) | AE78: =IF(X78="","",IF($E$9>$E$8,IFERROR((INDEX(GERAL[SNAP],45)-$E$8)/($E$9-$E$8),0),0)) | AF78: =IF(OR(X78="",AG78<>"LADO 2"),"",$L$2*IFERROR(Y78/$B$31,0)+$L$3*IF($D$31>0,IFERROR(AC78/$D$31,0),0)+$L$4*IFERROR(AD78,0)-$L$5*IFERROR(AE78,0)-$L$6*MAX(0,IFERROR(AB78,0)-$L$7)+ROW()/1000000) | AG78: =IFERROR(INDEX(GERAL[LADO],45),"")
M79: =IFERROR(INDEX(GERAL[PONTO],66),"") | N79: =IF(M79="","",IFERROR(INDEX(GERAL[ACUMULADA],66),0)) | O79: =IF(N79="","",$B$11-N79) | P79: =IF(N79="","",IF(N79*1.15<=30,30,IF(N79*1.15<=45,45,IF(N79*1.15<=75,75,IF(N79*1.15<=112.5,112.5,IF(N79*1.15<=150,150,IF(N79*1.15<=225,225,300))))))) | Q79: =IF(P79="","",IFERROR(N79/P79,0)) | R79: =IF(M79="","",IFERROR(INDEX(Tabela7[QT %],MATCH(M79,Tabela7[PONTO],0)),0)) | S79: =IF(N79="","",IFERROR(1-ABS(N79-O79)/$B$11,0)) | T79: =IF(M79="","",IF($B$9>$B$8,IFERROR((INDEX(GERAL[SNAP],66)-$B$8)/($B$9-$B$8),0),0)) | U79: =IF(OR(M79="",V79<>"LADO 1"),"",$L$2*IFERROR(N79/$B$11,0)+$L$3*IF($D$11>0,IFERROR(R79/$D$11,0),0)+$L$4*IFERROR(S79,0)-$L$5*IFERROR(T79,0)-$L$6*MAX(0,IFERROR(Q79,0)-$L$7)+ROW()/1000000) | V79: =IFERROR(INDEX(GERAL[LADO],66),"") | X79: =IFERROR(INDEX(GERAL[PONTO],46),"") | Y79: =IF(X79="","",IFERROR(INDEX(GERAL[ACUMULADA],46),0)) | Z79: =IF(Y79="","",$B$31-Y79) | AA79: =IF(Y79="","",IF(Y79*1.15<=30,30,IF(Y79*1.15<=45,45,IF(Y79*1.15<=75,75,IF(Y79*1.15<=112.5,112.5,IF(Y79*1.15<=150,150,IF(Y79*1.15<=225,225,300))))))) | AB79: =IF(AA79="","",IFERROR(Y79/AA79,0)) | AC79: =IF(X79="","",IFERROR(INDEX(DIR_ATUAL[QT %],MATCH(X79,DIR_ATUAL[PONTO],0)),0)) | AD79: =IF(Y79="","",IFERROR(1-ABS(Y79-Z79)/$B$31,0)) | AE79: =IF(X79="","",IF($E$9>$E$8,IFERROR((INDEX(GERAL[SNAP],46)-$E$8)/($E$9-$E$8),0),0)) | AF79: =IF(OR(X79="",AG79<>"LADO 2"),"",$L$2*IFERROR(Y79/$B$31,0)+$L$3*IF($D$31>0,IFERROR(AC79/$D$31,0),0)+$L$4*IFERROR(AD79,0)-$L$5*IFERROR(AE79,0)-$L$6*MAX(0,IFERROR(AB79,0)-$L$7)+ROW()/1000000) | AG79: =IFERROR(INDEX(GERAL[LADO],46),"")
M80: =IFERROR(INDEX(GERAL[PONTO],67),"") | N80: =IF(M80="","",IFERROR(INDEX(GERAL[ACUMULADA],67),0)) | O80: =IF(N80="","",$B$11-N80) | P80: =IF(N80="","",IF(N80*1.15<=30,30,IF(N80*1.15<=45,45,IF(N80*1.15<=75,75,IF(N80*1.15<=112.5,112.5,IF(N80*1.15<=150,150,IF(N80*1.15<=225,225,300))))))) | Q80: =IF(P80="","",IFERROR(N80/P80,0)) | R80: =IF(M80="","",IFERROR(INDEX(Tabela7[QT %],MATCH(M80,Tabela7[PONTO],0)),0)) | S80: =IF(N80="","",IFERROR(1-ABS(N80-O80)/$B$11,0)) | T80: =IF(M80="","",IF($B$9>$B$8,IFERROR((INDEX(GERAL[SNAP],67)-$B$8)/($B$9-$B$8),0),0)) | U80: =IF(OR(M80="",V80<>"LADO 1"),"",$L$2*IFERROR(N80/$B$11,0)+$L$3*IF($D$11>0,IFERROR(R80/$D$11,0),0)+$L$4*IFERROR(S80,0)-$L$5*IFERROR(T80,0)-$L$6*MAX(0,IFERROR(Q80,0)-$L$7)+ROW()/1000000) | V80: =IFERROR(INDEX(GERAL[LADO],67),"") | X80: =IFERROR(INDEX(GERAL[PONTO],47),"") | Y80: =IF(X80="","",IFERROR(INDEX(GERAL[ACUMULADA],47),0)) | Z80: =IF(Y80="","",$B$31-Y80) | AA80: =IF(Y80="","",IF(Y80*1.15<=30,30,IF(Y80*1.15<=45,45,IF(Y80*1.15<=75,75,IF(Y80*1.15<=112.5,112.5,IF(Y80*1.15<=150,150,IF(Y80*1.15<=225,225,300))))))) | AB80: =IF(AA80="","",IFERROR(Y80/AA80,0)) | AC80: =IF(X80="","",IFERROR(INDEX(DIR_ATUAL[QT %],MATCH(X80,DIR_ATUAL[PONTO],0)),0)) | AD80: =IF(Y80="","",IFERROR(1-ABS(Y80-Z80)/$B$31,0)) | AE80: =IF(X80="","",IF($E$9>$E$8,IFERROR((INDEX(GERAL[SNAP],47)-$E$8)/($E$9-$E$8),0),0)) | AF80: =IF(OR(X80="",AG80<>"LADO 2"),"",$L$2*IFERROR(Y80/$B$31,0)+$L$3*IF($D$31>0,IFERROR(AC80/$D$31,0),0)+$L$4*IFERROR(AD80,0)-$L$5*IFERROR(AE80,0)-$L$6*MAX(0,IFERROR(AB80,0)-$L$7)+ROW()/1000000) | AG80: =IFERROR(INDEX(GERAL[LADO],47),"")
M81: =IFERROR(INDEX(GERAL[PONTO],68),"") | N81: =IF(M81="","",IFERROR(INDEX(GERAL[ACUMULADA],68),0)) | O81: =IF(N81="","",$B$11-N81) | P81: =IF(N81="","",IF(N81*1.15<=30,30,IF(N81*1.15<=45,45,IF(N81*1.15<=75,75,IF(N81*1.15<=112.5,112.5,IF(N81*1.15<=150,150,IF(N81*1.15<=225,225,300))))))) | Q81: =IF(P81="","",IFERROR(N81/P81,0)) | R81: =IF(M81="","",IFERROR(INDEX(Tabela7[QT %],MATCH(M81,Tabela7[PONTO],0)),0)) | S81: =IF(N81="","",IFERROR(1-ABS(N81-O81)/$B$11,0)) | T81: =IF(M81="","",IF($B$9>$B$8,IFERROR((INDEX(GERAL[SNAP],68)-$B$8)/($B$9-$B$8),0),0)) | U81: =IF(OR(M81="",V81<>"LADO 1"),"",$L$2*IFERROR(N81/$B$11,0)+$L$3*IF($D$11>0,IFERROR(R81/$D$11,0),0)+$L$4*IFERROR(S81,0)-$L$5*IFERROR(T81,0)-$L$6*MAX(0,IFERROR(Q81,0)-$L$7)+ROW()/1000000) | V81: =IFERROR(INDEX(GERAL[LADO],68),"") | X81: =IFERROR(INDEX(GERAL[PONTO],48),"") | Y81: =IF(X81="","",IFERROR(INDEX(GERAL[ACUMULADA],48),0)) | Z81: =IF(Y81="","",$B$31-Y81) | AA81: =IF(Y81="","",IF(Y81*1.15<=30,30,IF(Y81*1.15<=45,45,IF(Y81*1.15<=75,75,IF(Y81*1.15<=112.5,112.5,IF(Y81*1.15<=150,150,IF(Y81*1.15<=225,225,300))))))) | AB81: =IF(AA81="","",IFERROR(Y81/AA81,0)) | AC81: =IF(X81="","",IFERROR(INDEX(DIR_ATUAL[QT %],MATCH(X81,DIR_ATUAL[PONTO],0)),0)) | AD81: =IF(Y81="","",IFERROR(1-ABS(Y81-Z81)/$B$31,0)) | AE81: =IF(X81="","",IF($E$9>$E$8,IFERROR((INDEX(GERAL[SNAP],48)-$E$8)/($E$9-$E$8),0),0)) | AF81: =IF(OR(X81="",AG81<>"LADO 2"),"",$L$2*IFERROR(Y81/$B$31,0)+$L$3*IF($D$31>0,IFERROR(AC81/$D$31,0),0)+$L$4*IFERROR(AD81,0)-$L$5*IFERROR(AE81,0)-$L$6*MAX(0,IFERROR(AB81,0)-$L$7)+ROW()/1000000) | AG81: =IFERROR(INDEX(GERAL[LADO],48),"")
M82: =IFERROR(INDEX(GERAL[PONTO],69),"") | N82: =IF(M82="","",IFERROR(INDEX(GERAL[ACUMULADA],69),0)) | O82: =IF(N82="","",$B$11-N82) | P82: =IF(N82="","",IF(N82*1.15<=30,30,IF(N82*1.15<=45,45,IF(N82*1.15<=75,75,IF(N82*1.15<=112.5,112.5,IF(N82*1.15<=150,150,IF(N82*1.15<=225,225,300))))))) | Q82: =IF(P82="","",IFERROR(N82/P82,0)) | R82: =IF(M82="","",IFERROR(INDEX(Tabela7[QT %],MATCH(M82,Tabela7[PONTO],0)),0)) | S82: =IF(N82="","",IFERROR(1-ABS(N82-O82)/$B$11,0)) | T82: =IF(M82="","",IF($B$9>$B$8,IFERROR((INDEX(GERAL[SNAP],69)-$B$8)/($B$9-$B$8),0),0)) | U82: =IF(OR(M82="",V82<>"LADO 1"),"",$L$2*IFERROR(N82/$B$11,0)+$L$3*IF($D$11>0,IFERROR(R82/$D$11,0),0)+$L$4*IFERROR(S82,0)-$L$5*IFERROR(T82,0)-$L$6*MAX(0,IFERROR(Q82,0)-$L$7)+ROW()/1000000) | V82: =IFERROR(INDEX(GERAL[LADO],69),"") | X82: =IFERROR(INDEX(GERAL[PONTO],49),"") | Y82: =IF(X82="","",IFERROR(INDEX(GERAL[ACUMULADA],49),0)) | Z82: =IF(Y82="","",$B$31-Y82) | AA82: =IF(Y82="","",IF(Y82*1.15<=30,30,IF(Y82*1.15<=45,45,IF(Y82*1.15<=75,75,IF(Y82*1.15<=112.5,112.5,IF(Y82*1.15<=150,150,IF(Y82*1.15<=225,225,300))))))) | AB82: =IF(AA82="","",IFERROR(Y82/AA82,0)) | AC82: =IF(X82="","",IFERROR(INDEX(DIR_ATUAL[QT %],MATCH(X82,DIR_ATUAL[PONTO],0)),0)) | AD82: =IF(Y82="","",IFERROR(1-ABS(Y82-Z82)/$B$31,0)) | AE82: =IF(X82="","",IF($E$9>$E$8,IFERROR((INDEX(GERAL[SNAP],49)-$E$8)/($E$9-$E$8),0),0)) | AF82: =IF(OR(X82="",AG82<>"LADO 2"),"",$L$2*IFERROR(Y82/$B$31,0)+$L$3*IF($D$31>0,IFERROR(AC82/$D$31,0),0)+$L$4*IFERROR(AD82,0)-$L$5*IFERROR(AE82,0)-$L$6*MAX(0,IFERROR(AB82,0)-$L$7)+ROW()/1000000) | AG82: =IFERROR(INDEX(GERAL[LADO],49),"")
M83: =IFERROR(INDEX(GERAL[PONTO],70),"") | N83: =IF(M83="","",IFERROR(INDEX(GERAL[ACUMULADA],70),0)) | O83: =IF(N83="","",$B$11-N83) | P83: =IF(N83="","",IF(N83*1.15<=30,30,IF(N83*1.15<=45,45,IF(N83*1.15<=75,75,IF(N83*1.15<=112.5,112.5,IF(N83*1.15<=150,150,IF(N83*1.15<=225,225,300))))))) | Q83: =IF(P83="","",IFERROR(N83/P83,0)) | R83: =IF(M83="","",IFERROR(INDEX(Tabela7[QT %],MATCH(M83,Tabela7[PONTO],0)),0)) | S83: =IF(N83="","",IFERROR(1-ABS(N83-O83)/$B$11,0)) | T83: =IF(M83="","",IF($B$9>$B$8,IFERROR((INDEX(GERAL[SNAP],70)-$B$8)/($B$9-$B$8),0),0)) | U83: =IF(OR(M83="",V83<>"LADO 1"),"",$L$2*IFERROR(N83/$B$11,0)+$L$3*IF($D$11>0,IFERROR(R83/$D$11,0),0)+$L$4*IFERROR(S83,0)-$L$5*IFERROR(T83,0)-$L$6*MAX(0,IFERROR(Q83,0)-$L$7)+ROW()/1000000) | V83: =IFERROR(INDEX(GERAL[LADO],70),"") | X83: =IFERROR(INDEX(GERAL[PONTO],50),"") | Y83: =IF(X83="","",IFERROR(INDEX(GERAL[ACUMULADA],50),0)) | Z83: =IF(Y83="","",$B$31-Y83) | AA83: =IF(Y83="","",IF(Y83*1.15<=30,30,IF(Y83*1.15<=45,45,IF(Y83*1.15<=75,75,IF(Y83*1.15<=112.5,112.5,IF(Y83*1.15<=150,150,IF(Y83*1.15<=225,225,300))))))) | AB83: =IF(AA83="","",IFERROR(Y83/AA83,0)) | AC83: =IF(X83="","",IFERROR(INDEX(DIR_ATUAL[QT %],MATCH(X83,DIR_ATUAL[PONTO],0)),0)) | AD83: =IF(Y83="","",IFERROR(1-ABS(Y83-Z83)/$B$31,0)) | AE83: =IF(X83="","",IF($E$9>$E$8,IFERROR((INDEX(GERAL[SNAP],50)-$E$8)/($E$9-$E$8),0),0)) | AF83: =IF(OR(X83="",AG83<>"LADO 2"),"",$L$2*IFERROR(Y83/$B$31,0)+$L$3*IF($D$31>0,IFERROR(AC83/$D$31,0),0)+$L$4*IFERROR(AD83,0)-$L$5*IFERROR(AE83,0)-$L$6*MAX(0,IFERROR(AB83,0)-$L$7)+ROW()/1000000) | AG83: =IFERROR(INDEX(GERAL[LADO],50),"")
M84: =IFERROR(INDEX(GERAL[PONTO],71),"") | N84: =IF(M84="","",IFERROR(INDEX(GERAL[ACUMULADA],71),0)) | O84: =IF(N84="","",$B$11-N84) | P84: =IF(N84="","",IF(N84*1.15<=30,30,IF(N84*1.15<=45,45,IF(N84*1.15<=75,75,IF(N84*1.15<=112.5,112.5,IF(N84*1.15<=150,150,IF(N84*1.15<=225,225,300))))))) | Q84: =IF(P84="","",IFERROR(N84/P84,0)) | R84: =IF(M84="","",IFERROR(INDEX(Tabela7[QT %],MATCH(M84,Tabela7[PONTO],0)),0)) | S84: =IF(N84="","",IFERROR(1-ABS(N84-O84)/$B$11,0)) | T84: =IF(M84="","",IF($B$9>$B$8,IFERROR((INDEX(GERAL[SNAP],71)-$B$8)/($B$9-$B$8),0),0)) | U84: =IF(OR(M84="",V84<>"LADO 1"),"",$L$2*IFERROR(N84/$B$11,0)+$L$3*IF($D$11>0,IFERROR(R84/$D$11,0),0)+$L$4*IFERROR(S84,0)-$L$5*IFERROR(T84,0)-$L$6*MAX(0,IFERROR(Q84,0)-$L$7)+ROW()/1000000) | V84: =IFERROR(INDEX(GERAL[LADO],71),"") | X84: =IFERROR(INDEX(GERAL[PONTO],51),"") | Y84: =IF(X84="","",IFERROR(INDEX(GERAL[ACUMULADA],51),0)) | Z84: =IF(Y84="","",$B$31-Y84) | AA84: =IF(Y84="","",IF(Y84*1.15<=30,30,IF(Y84*1.15<=45,45,IF(Y84*1.15<=75,75,IF(Y84*1.15<=112.5,112.5,IF(Y84*1.15<=150,150,IF(Y84*1.15<=225,225,300))))))) | AB84: =IF(AA84="","",IFERROR(Y84/AA84,0)) | AC84: =IF(X84="","",IFERROR(INDEX(DIR_ATUAL[QT %],MATCH(X84,DIR_ATUAL[PONTO],0)),0)) | AD84: =IF(Y84="","",IFERROR(1-ABS(Y84-Z84)/$B$31,0)) | AE84: =IF(X84="","",IF($E$9>$E$8,IFERROR((INDEX(GERAL[SNAP],51)-$E$8)/($E$9-$E$8),0),0)) | AF84: =IF(OR(X84="",AG84<>"LADO 2"),"",$L$2*IFERROR(Y84/$B$31,0)+$L$3*IF($D$31>0,IFERROR(AC84/$D$31,0),0)+$L$4*IFERROR(AD84,0)-$L$5*IFERROR(AE84,0)-$L$6*MAX(0,IFERROR(AB84,0)-$L$7)+ROW()/1000000) | AG84: =IFERROR(INDEX(GERAL[LADO],51),"")
M85: =IFERROR(INDEX(GERAL[PONTO],72),"") | N85: =IF(M85="","",IFERROR(INDEX(GERAL[ACUMULADA],72),0)) | O85: =IF(N85="","",$B$11-N85) | P85: =IF(N85="","",IF(N85*1.15<=30,30,IF(N85*1.15<=45,45,IF(N85*1.15<=75,75,IF(N85*1.15<=112.5,112.5,IF(N85*1.15<=150,150,IF(N85*1.15<=225,225,300))))))) | Q85: =IF(P85="","",IFERROR(N85/P85,0)) | R85: =IF(M85="","",IFERROR(INDEX(Tabela7[QT %],MATCH(M85,Tabela7[PONTO],0)),0)) | S85: =IF(N85="","",IFERROR(1-ABS(N85-O85)/$B$11,0)) | T85: =IF(M85="","",IF($B$9>$B$8,IFERROR((INDEX(GERAL[SNAP],72)-$B$8)/($B$9-$B$8),0),0)) | U85: =IF(OR(M85="",V85<>"LADO 1"),"",$L$2*IFERROR(N85/$B$11,0)+$L$3*IF($D$11>0,IFERROR(R85/$D$11,0),0)+$L$4*IFERROR(S85,0)-$L$5*IFERROR(T85,0)-$L$6*MAX(0,IFERROR(Q85,0)-$L$7)+ROW()/1000000) | V85: =IFERROR(INDEX(GERAL[LADO],72),"") | X85: =IFERROR(INDEX(GERAL[PONTO],52),"") | Y85: =IF(X85="","",IFERROR(INDEX(GERAL[ACUMULADA],52),0)) | Z85: =IF(Y85="","",$B$31-Y85) | AA85: =IF(Y85="","",IF(Y85*1.15<=30,30,IF(Y85*1.15<=45,45,IF(Y85*1.15<=75,75,IF(Y85*1.15<=112.5,112.5,IF(Y85*1.15<=150,150,IF(Y85*1.15<=225,225,300))))))) | AB85: =IF(AA85="","",IFERROR(Y85/AA85,0)) | AC85: =IF(X85="","",IFERROR(INDEX(DIR_ATUAL[QT %],MATCH(X85,DIR_ATUAL[PONTO],0)),0)) | AD85: =IF(Y85="","",IFERROR(1-ABS(Y85-Z85)/$B$31,0)) | AE85: =IF(X85="","",IF($E$9>$E$8,IFERROR((INDEX(GERAL[SNAP],52)-$E$8)/($E$9-$E$8),0),0)) | AF85: =IF(OR(X85="",AG85<>"LADO 2"),"",$L$2*IFERROR(Y85/$B$31,0)+$L$3*IF($D$31>0,IFERROR(AC85/$D$31,0),0)+$L$4*IFERROR(AD85,0)-$L$5*IFERROR(AE85,0)-$L$6*MAX(0,IFERROR(AB85,0)-$L$7)+ROW()/1000000) | AG85: =IFERROR(INDEX(GERAL[LADO],52),"")
M86: =IFERROR(INDEX(GERAL[PONTO],73),"") | N86: =IF(M86="","",IFERROR(INDEX(GERAL[ACUMULADA],73),0)) | O86: =IF(N86="","",$B$11-N86) | P86: =IF(N86="","",IF(N86*1.15<=30,30,IF(N86*1.15<=45,45,IF(N86*1.15<=75,75,IF(N86*1.15<=112.5,112.5,IF(N86*1.15<=150,150,IF(N86*1.15<=225,225,300))))))) | Q86: =IF(P86="","",IFERROR(N86/P86,0)) | R86: =IF(M86="","",IFERROR(INDEX(Tabela7[QT %],MATCH(M86,Tabela7[PONTO],0)),0)) | S86: =IF(N86="","",IFERROR(1-ABS(N86-O86)/$B$11,0)) | T86: =IF(M86="","",IF($B$9>$B$8,IFERROR((INDEX(GERAL[SNAP],73)-$B$8)/($B$9-$B$8),0),0)) | U86: =IF(OR(M86="",V86<>"LADO 1"),"",$L$2*IFERROR(N86/$B$11,0)+$L$3*IF($D$11>0,IFERROR(R86/$D$11,0),0)+$L$4*IFERROR(S86,0)-$L$5*IFERROR(T86,0)-$L$6*MAX(0,IFERROR(Q86,0)-$L$7)+ROW()/1000000) | V86: =IFERROR(INDEX(GERAL[LADO],73),"") | X86: =IFERROR(INDEX(GERAL[PONTO],53),"") | Y86: =IF(X86="","",IFERROR(INDEX(GERAL[ACUMULADA],53),0)) | Z86: =IF(Y86="","",$B$31-Y86) | AA86: =IF(Y86="","",IF(Y86*1.15<=30,30,IF(Y86*1.15<=45,45,IF(Y86*1.15<=75,75,IF(Y86*1.15<=112.5,112.5,IF(Y86*1.15<=150,150,IF(Y86*1.15<=225,225,300))))))) | AB86: =IF(AA86="","",IFERROR(Y86/AA86,0)) | AC86: =IF(X86="","",IFERROR(INDEX(DIR_ATUAL[QT %],MATCH(X86,DIR_ATUAL[PONTO],0)),0)) | AD86: =IF(Y86="","",IFERROR(1-ABS(Y86-Z86)/$B$31,0)) | AE86: =IF(X86="","",IF($E$9>$E$8,IFERROR((INDEX(GERAL[SNAP],53)-$E$8)/($E$9-$E$8),0),0)) | AF86: =IF(OR(X86="",AG86<>"LADO 2"),"",$L$2*IFERROR(Y86/$B$31,0)+$L$3*IF($D$31>0,IFERROR(AC86/$D$31,0),0)+$L$4*IFERROR(AD86,0)-$L$5*IFERROR(AE86,0)-$L$6*MAX(0,IFERROR(AB86,0)-$L$7)+ROW()/1000000) | AG86: =IFERROR(INDEX(GERAL[LADO],53),"")
M87: =IFERROR(INDEX(GERAL[PONTO],74),"") | N87: =IF(M87="","",IFERROR(INDEX(GERAL[ACUMULADA],74),0)) | O87: =IF(N87="","",$B$11-N87) | P87: =IF(N87="","",IF(N87*1.15<=30,30,IF(N87*1.15<=45,45,IF(N87*1.15<=75,75,IF(N87*1.15<=112.5,112.5,IF(N87*1.15<=150,150,IF(N87*1.15<=225,225,300))))))) | Q87: =IF(P87="","",IFERROR(N87/P87,0)) | R87: =IF(M87="","",IFERROR(INDEX(Tabela7[QT %],MATCH(M87,Tabela7[PONTO],0)),0)) | S87: =IF(N87="","",IFERROR(1-ABS(N87-O87)/$B$11,0)) | T87: =IF(M87="","",IF($B$9>$B$8,IFERROR((INDEX(GERAL[SNAP],74)-$B$8)/($B$9-$B$8),0),0)) | U87: =IF(OR(M87="",V87<>"LADO 1"),"",$L$2*IFERROR(N87/$B$11,0)+$L$3*IF($D$11>0,IFERROR(R87/$D$11,0),0)+$L$4*IFERROR(S87,0)-$L$5*IFERROR(T87,0)-$L$6*MAX(0,IFERROR(Q87,0)-$L$7)+ROW()/1000000) | V87: =IFERROR(INDEX(GERAL[LADO],74),"") | X87: =IFERROR(INDEX(GERAL[PONTO],54),"") | Y87: =IF(X87="","",IFERROR(INDEX(GERAL[ACUMULADA],54),0)) | Z87: =IF(Y87="","",$B$31-Y87) | AA87: =IF(Y87="","",IF(Y87*1.15<=30,30,IF(Y87*1.15<=45,45,IF(Y87*1.15<=75,75,IF(Y87*1.15<=112.5,112.5,IF(Y87*1.15<=150,150,IF(Y87*1.15<=225,225,300))))))) | AB87: =IF(AA87="","",IFERROR(Y87/AA87,0)) | AC87: =IF(X87="","",IFERROR(INDEX(DIR_ATUAL[QT %],MATCH(X87,DIR_ATUAL[PONTO],0)),0)) | AD87: =IF(Y87="","",IFERROR(1-ABS(Y87-Z87)/$B$31,0)) | AE87: =IF(X87="","",IF($E$9>$E$8,IFERROR((INDEX(GERAL[SNAP],54)-$E$8)/($E$9-$E$8),0),0)) | AF87: =IF(OR(X87="",AG87<>"LADO 2"),"",$L$2*IFERROR(Y87/$B$31,0)+$L$3*IF($D$31>0,IFERROR(AC87/$D$31,0),0)+$L$4*IFERROR(AD87,0)-$L$5*IFERROR(AE87,0)-$L$6*MAX(0,IFERROR(AB87,0)-$L$7)+ROW()/1000000) | AG87: =IFERROR(INDEX(GERAL[LADO],54),"")
M88: =IFERROR(INDEX(GERAL[PONTO],75),"") | N88: =IF(M88="","",IFERROR(INDEX(GERAL[ACUMULADA],75),0)) | O88: =IF(N88="","",$B$11-N88) | P88: =IF(N88="","",IF(N88*1.15<=30,30,IF(N88*1.15<=45,45,IF(N88*1.15<=75,75,IF(N88*1.15<=112.5,112.5,IF(N88*1.15<=150,150,IF(N88*1.15<=225,225,300))))))) | Q88: =IF(P88="","",IFERROR(N88/P88,0)) | R88: =IF(M88="","",IFERROR(INDEX(Tabela7[QT %],MATCH(M88,Tabela7[PONTO],0)),0)) | S88: =IF(N88="","",IFERROR(1-ABS(N88-O88)/$B$11,0)) | T88: =IF(M88="","",IF($B$9>$B$8,IFERROR((INDEX(GERAL[SNAP],75)-$B$8)/($B$9-$B$8),0),0)) | U88: =IF(OR(M88="",V88<>"LADO 1"),"",$L$2*IFERROR(N88/$B$11,0)+$L$3*IF($D$11>0,IFERROR(R88/$D$11,0),0)+$L$4*IFERROR(S88,0)-$L$5*IFERROR(T88,0)-$L$6*MAX(0,IFERROR(Q88,0)-$L$7)+ROW()/1000000) | V88: =IFERROR(INDEX(GERAL[LADO],75),"") | X88: =IFERROR(INDEX(GERAL[PONTO],55),"") | Y88: =IF(X88="","",IFERROR(INDEX(GERAL[ACUMULADA],55),0)) | Z88: =IF(Y88="","",$B$31-Y88) | AA88: =IF(Y88="","",IF(Y88*1.15<=30,30,IF(Y88*1.15<=45,45,IF(Y88*1.15<=75,75,IF(Y88*1.15<=112.5,112.5,IF(Y88*1.15<=150,150,IF(Y88*1.15<=225,225,300))))))) | AB88: =IF(AA88="","",IFERROR(Y88/AA88,0)) | AC88: =IF(X88="","",IFERROR(INDEX(DIR_ATUAL[QT %],MATCH(X88,DIR_ATUAL[PONTO],0)),0)) | AD88: =IF(Y88="","",IFERROR(1-ABS(Y88-Z88)/$B$31,0)) | AE88: =IF(X88="","",IF($E$9>$E$8,IFERROR((INDEX(GERAL[SNAP],55)-$E$8)/($E$9-$E$8),0),0)) | AF88: =IF(OR(X88="",AG88<>"LADO 2"),"",$L$2*IFERROR(Y88/$B$31,0)+$L$3*IF($D$31>0,IFERROR(AC88/$D$31,0),0)+$L$4*IFERROR(AD88,0)-$L$5*IFERROR(AE88,0)-$L$6*MAX(0,IFERROR(AB88,0)-$L$7)+ROW()/1000000) | AG88: =IFERROR(INDEX(GERAL[LADO],55),"")
M89: =IFERROR(INDEX(GERAL[PONTO],76),"") | N89: =IF(M89="","",IFERROR(INDEX(GERAL[ACUMULADA],76),0)) | O89: =IF(N89="","",$B$11-N89) | P89: =IF(N89="","",IF(N89*1.15<=30,30,IF(N89*1.15<=45,45,IF(N89*1.15<=75,75,IF(N89*1.15<=112.5,112.5,IF(N89*1.15<=150,150,IF(N89*1.15<=225,225,300))))))) | Q89: =IF(P89="","",IFERROR(N89/P89,0)) | R89: =IF(M89="","",IFERROR(INDEX(Tabela7[QT %],MATCH(M89,Tabela7[PONTO],0)),0)) | S89: =IF(N89="","",IFERROR(1-ABS(N89-O89)/$B$11,0)) | T89: =IF(M89="","",IF($B$9>$B$8,IFERROR((INDEX(GERAL[SNAP],76)-$B$8)/($B$9-$B$8),0),0)) | U89: =IF(OR(M89="",V89<>"LADO 1"),"",$L$2*IFERROR(N89/$B$11,0)+$L$3*IF($D$11>0,IFERROR(R89/$D$11,0),0)+$L$4*IFERROR(S89,0)-$L$5*IFERROR(T89,0)-$L$6*MAX(0,IFERROR(Q89,0)-$L$7)+ROW()/1000000) | V89: =IFERROR(INDEX(GERAL[LADO],76),"") | X89: =IFERROR(INDEX(GERAL[PONTO],56),"") | Y89: =IF(X89="","",IFERROR(INDEX(GERAL[ACUMULADA],56),0)) | Z89: =IF(Y89="","",$B$31-Y89) | AA89: =IF(Y89="","",IF(Y89*1.15<=30,30,IF(Y89*1.15<=45,45,IF(Y89*1.15<=75,75,IF(Y89*1.15<=112.5,112.5,IF(Y89*1.15<=150,150,IF(Y89*1.15<=225,225,300))))))) | AB89: =IF(AA89="","",IFERROR(Y89/AA89,0)) | AC89: =IF(X89="","",IFERROR(INDEX(DIR_ATUAL[QT %],MATCH(X89,DIR_ATUAL[PONTO],0)),0)) | AD89: =IF(Y89="","",IFERROR(1-ABS(Y89-Z89)/$B$31,0)) | AE89: =IF(X89="","",IF($E$9>$E$8,IFERROR((INDEX(GERAL[SNAP],56)-$E$8)/($E$9-$E$8),0),0)) | AF89: =IF(OR(X89="",AG89<>"LADO 2"),"",$L$2*IFERROR(Y89/$B$31,0)+$L$3*IF($D$31>0,IFERROR(AC89/$D$31,0),0)+$L$4*IFERROR(AD89,0)-$L$5*IFERROR(AE89,0)-$L$6*MAX(0,IFERROR(AB89,0)-$L$7)+ROW()/1000000) | AG89: =IFERROR(INDEX(GERAL[LADO],56),"")
M90: =IFERROR(INDEX(GERAL[PONTO],77),"") | N90: =IF(M90="","",IFERROR(INDEX(GERAL[ACUMULADA],77),0)) | O90: =IF(N90="","",$B$11-N90) | P90: =IF(N90="","",IF(N90*1.15<=30,30,IF(N90*1.15<=45,45,IF(N90*1.15<=75,75,IF(N90*1.15<=112.5,112.5,IF(N90*1.15<=150,150,IF(N90*1.15<=225,225,300))))))) | Q90: =IF(P90="","",IFERROR(N90/P90,0)) | R90: =IF(M90="","",IFERROR(INDEX(Tabela7[QT %],MATCH(M90,Tabela7[PONTO],0)),0)) | S90: =IF(N90="","",IFERROR(1-ABS(N90-O90)/$B$11,0)) | T90: =IF(M90="","",IF($B$9>$B$8,IFERROR((INDEX(GERAL[SNAP],77)-$B$8)/($B$9-$B$8),0),0)) | U90: =IF(OR(M90="",V90<>"LADO 1"),"",$L$2*IFERROR(N90/$B$11,0)+$L$3*IF($D$11>0,IFERROR(R90/$D$11,0),0)+$L$4*IFERROR(S90,0)-$L$5*IFERROR(T90,0)-$L$6*MAX(0,IFERROR(Q90,0)-$L$7)+ROW()/1000000) | V90: =IFERROR(INDEX(GERAL[LADO],77),"") | X90: =IFERROR(INDEX(GERAL[PONTO],57),"") | Y90: =IF(X90="","",IFERROR(INDEX(GERAL[ACUMULADA],57),0)) | Z90: =IF(Y90="","",$B$31-Y90) | AA90: =IF(Y90="","",IF(Y90*1.15<=30,30,IF(Y90*1.15<=45,45,IF(Y90*1.15<=75,75,IF(Y90*1.15<=112.5,112.5,IF(Y90*1.15<=150,150,IF(Y90*1.15<=225,225,300))))))) | AB90: =IF(AA90="","",IFERROR(Y90/AA90,0)) | AC90: =IF(X90="","",IFERROR(INDEX(DIR_ATUAL[QT %],MATCH(X90,DIR_ATUAL[PONTO],0)),0)) | AD90: =IF(Y90="","",IFERROR(1-ABS(Y90-Z90)/$B$31,0)) | AE90: =IF(X90="","",IF($E$9>$E$8,IFERROR((INDEX(GERAL[SNAP],57)-$E$8)/($E$9-$E$8),0),0)) | AF90: =IF(OR(X90="",AG90<>"LADO 2"),"",$L$2*IFERROR(Y90/$B$31,0)+$L$3*IF($D$31>0,IFERROR(AC90/$D$31,0),0)+$L$4*IFERROR(AD90,0)-$L$5*IFERROR(AE90,0)-$L$6*MAX(0,IFERROR(AB90,0)-$L$7)+ROW()/1000000) | AG90: =IFERROR(INDEX(GERAL[LADO],57),"")
M91: =IFERROR(INDEX(GERAL[PONTO],78),"") | N91: =IF(M91="","",IFERROR(INDEX(GERAL[ACUMULADA],78),0)) | O91: =IF(N91="","",$B$11-N91) | P91: =IF(N91="","",IF(N91*1.15<=30,30,IF(N91*1.15<=45,45,IF(N91*1.15<=75,75,IF(N91*1.15<=112.5,112.5,IF(N91*1.15<=150,150,IF(N91*1.15<=225,225,300))))))) | Q91: =IF(P91="","",IFERROR(N91/P91,0)) | R91: =IF(M91="","",IFERROR(INDEX(Tabela7[QT %],MATCH(M91,Tabela7[PONTO],0)),0)) | S91: =IF(N91="","",IFERROR(1-ABS(N91-O91)/$B$11,0)) | T91: =IF(M91="","",IF($B$9>$B$8,IFERROR((INDEX(GERAL[SNAP],78)-$B$8)/($B$9-$B$8),0),0)) | U91: =IF(OR(M91="",V91<>"LADO 1"),"",$L$2*IFERROR(N91/$B$11,0)+$L$3*IF($D$11>0,IFERROR(R91/$D$11,0),0)+$L$4*IFERROR(S91,0)-$L$5*IFERROR(T91,0)-$L$6*MAX(0,IFERROR(Q91,0)-$L$7)+ROW()/1000000) | V91: =IFERROR(INDEX(GERAL[LADO],78),"") | X91: =IFERROR(INDEX(GERAL[PONTO],58),"") | Y91: =IF(X91="","",IFERROR(INDEX(GERAL[ACUMULADA],58),0)) | Z91: =IF(Y91="","",$B$31-Y91) | AA91: =IF(Y91="","",IF(Y91*1.15<=30,30,IF(Y91*1.15<=45,45,IF(Y91*1.15<=75,75,IF(Y91*1.15<=112.5,112.5,IF(Y91*1.15<=150,150,IF(Y91*1.15<=225,225,300))))))) | AB91: =IF(AA91="","",IFERROR(Y91/AA91,0)) | AC91: =IF(X91="","",IFERROR(INDEX(DIR_ATUAL[QT %],MATCH(X91,DIR_ATUAL[PONTO],0)),0)) | AD91: =IF(Y91="","",IFERROR(1-ABS(Y91-Z91)/$B$31,0)) | AE91: =IF(X91="","",IF($E$9>$E$8,IFERROR((INDEX(GERAL[SNAP],58)-$E$8)/($E$9-$E$8),0),0)) | AF91: =IF(OR(X91="",AG91<>"LADO 2"),"",$L$2*IFERROR(Y91/$B$31,0)+$L$3*IF($D$31>0,IFERROR(AC91/$D$31,0),0)+$L$4*IFERROR(AD91,0)-$L$5*IFERROR(AE91,0)-$L$6*MAX(0,IFERROR(AB91,0)-$L$7)+ROW()/1000000) | AG91: =IFERROR(INDEX(GERAL[LADO],58),"")
M92: =IFERROR(INDEX(GERAL[PONTO],79),"") | N92: =IF(M92="","",IFERROR(INDEX(GERAL[ACUMULADA],79),0)) | O92: =IF(N92="","",$B$11-N92) | P92: =IF(N92="","",IF(N92*1.15<=30,30,IF(N92*1.15<=45,45,IF(N92*1.15<=75,75,IF(N92*1.15<=112.5,112.5,IF(N92*1.15<=150,150,IF(N92*1.15<=225,225,300))))))) | Q92: =IF(P92="","",IFERROR(N92/P92,0)) | R92: =IF(M92="","",IFERROR(INDEX(Tabela7[QT %],MATCH(M92,Tabela7[PONTO],0)),0)) | S92: =IF(N92="","",IFERROR(1-ABS(N92-O92)/$B$11,0)) | T92: =IF(M92="","",IF($B$9>$B$8,IFERROR((INDEX(GERAL[SNAP],79)-$B$8)/($B$9-$B$8),0),0)) | U92: =IF(OR(M92="",V92<>"LADO 1"),"",$L$2*IFERROR(N92/$B$11,0)+$L$3*IF($D$11>0,IFERROR(R92/$D$11,0),0)+$L$4*IFERROR(S92,0)-$L$5*IFERROR(T92,0)-$L$6*MAX(0,IFERROR(Q92,0)-$L$7)+ROW()/1000000) | V92: =IFERROR(INDEX(GERAL[LADO],79),"") | X92: =IFERROR(INDEX(GERAL[PONTO],59),"") | Y92: =IF(X92="","",IFERROR(INDEX(GERAL[ACUMULADA],59),0)) | Z92: =IF(Y92="","",$B$31-Y92) | AA92: =IF(Y92="","",IF(Y92*1.15<=30,30,IF(Y92*1.15<=45,45,IF(Y92*1.15<=75,75,IF(Y92*1.15<=112.5,112.5,IF(Y92*1.15<=150,150,IF(Y92*1.15<=225,225,300))))))) | AB92: =IF(AA92="","",IFERROR(Y92/AA92,0)) | AC92: =IF(X92="","",IFERROR(INDEX(DIR_ATUAL[QT %],MATCH(X92,DIR_ATUAL[PONTO],0)),0)) | AD92: =IF(Y92="","",IFERROR(1-ABS(Y92-Z92)/$B$31,0)) | AE92: =IF(X92="","",IF($E$9>$E$8,IFERROR((INDEX(GERAL[SNAP],59)-$E$8)/($E$9-$E$8),0),0)) | AF92: =IF(OR(X92="",AG92<>"LADO 2"),"",$L$2*IFERROR(Y92/$B$31,0)+$L$3*IF($D$31>0,IFERROR(AC92/$D$31,0),0)+$L$4*IFERROR(AD92,0)-$L$5*IFERROR(AE92,0)-$L$6*MAX(0,IFERROR(AB92,0)-$L$7)+ROW()/1000000) | AG92: =IFERROR(INDEX(GERAL[LADO],59),"")
M93: =IFERROR(INDEX(GERAL[PONTO],80),"") | N93: =IF(M93="","",IFERROR(INDEX(GERAL[ACUMULADA],80),0)) | O93: =IF(N93="","",$B$11-N93) | P93: =IF(N93="","",IF(N93*1.15<=30,30,IF(N93*1.15<=45,45,IF(N93*1.15<=75,75,IF(N93*1.15<=112.5,112.5,IF(N93*1.15<=150,150,IF(N93*1.15<=225,225,300))))))) | Q93: =IF(P93="","",IFERROR(N93/P93,0)) | R93: =IF(M93="","",IFERROR(INDEX(Tabela7[QT %],MATCH(M93,Tabela7[PONTO],0)),0)) | S93: =IF(N93="","",IFERROR(1-ABS(N93-O93)/$B$11,0)) | T93: =IF(M93="","",IF($B$9>$B$8,IFERROR((INDEX(GERAL[SNAP],80)-$B$8)/($B$9-$B$8),0),0)) | U93: =IF(OR(M93="",V93<>"LADO 1"),"",$L$2*IFERROR(N93/$B$11,0)+$L$3*IF($D$11>0,IFERROR(R93/$D$11,0),0)+$L$4*IFERROR(S93,0)-$L$5*IFERROR(T93,0)-$L$6*MAX(0,IFERROR(Q93,0)-$L$7)+ROW()/1000000) | V93: =IFERROR(INDEX(GERAL[LADO],80),"") | X93: =IFERROR(INDEX(GERAL[PONTO],60),"") | Y93: =IF(X93="","",IFERROR(INDEX(GERAL[ACUMULADA],60),0)) | Z93: =IF(Y93="","",$B$31-Y93) | AA93: =IF(Y93="","",IF(Y93*1.15<=30,30,IF(Y93*1.15<=45,45,IF(Y93*1.15<=75,75,IF(Y93*1.15<=112.5,112.5,IF(Y93*1.15<=150,150,IF(Y93*1.15<=225,225,300))))))) | AB93: =IF(AA93="","",IFERROR(Y93/AA93,0)) | AC93: =IF(X93="","",IFERROR(INDEX(DIR_ATUAL[QT %],MATCH(X93,DIR_ATUAL[PONTO],0)),0)) | AD93: =IF(Y93="","",IFERROR(1-ABS(Y93-Z93)/$B$31,0)) | AE93: =IF(X93="","",IF($E$9>$E$8,IFERROR((INDEX(GERAL[SNAP],60)-$E$8)/($E$9-$E$8),0),0)) | AF93: =IF(OR(X93="",AG93<>"LADO 2"),"",$L$2*IFERROR(Y93/$B$31,0)+$L$3*IF($D$31>0,IFERROR(AC93/$D$31,0),0)+$L$4*IFERROR(AD93,0)-$L$5*IFERROR(AE93,0)-$L$6*MAX(0,IFERROR(AB93,0)-$L$7)+ROW()/1000000) | AG93: =IFERROR(INDEX(GERAL[LADO],60),"")
M94: =IFERROR(INDEX(GERAL[PONTO],81),"") | N94: =IF(M94="","",IFERROR(INDEX(GERAL[ACUMULADA],81),0)) | O94: =IF(N94="","",$B$11-N94) | P94: =IF(N94="","",IF(N94*1.15<=30,30,IF(N94*1.15<=45,45,IF(N94*1.15<=75,75,IF(N94*1.15<=112.5,112.5,IF(N94*1.15<=150,150,IF(N94*1.15<=225,225,300))))))) | Q94: =IF(P94="","",IFERROR(N94/P94,0)) | R94: =IF(M94="","",IFERROR(INDEX(Tabela7[QT %],MATCH(M94,Tabela7[PONTO],0)),0)) | S94: =IF(N94="","",IFERROR(1-ABS(N94-O94)/$B$11,0)) | T94: =IF(M94="","",IF($B$9>$B$8,IFERROR((INDEX(GERAL[SNAP],81)-$B$8)/($B$9-$B$8),0),0)) | U94: =IF(OR(M94="",V94<>"LADO 1"),"",$L$2*IFERROR(N94/$B$11,0)+$L$3*IF($D$11>0,IFERROR(R94/$D$11,0),0)+$L$4*IFERROR(S94,0)-$L$5*IFERROR(T94,0)-$L$6*MAX(0,IFERROR(Q94,0)-$L$7)+ROW()/1000000) | V94: =IFERROR(INDEX(GERAL[LADO],81),"") | X94: =IFERROR(INDEX(GERAL[PONTO],61),"") | Y94: =IF(X94="","",IFERROR(INDEX(GERAL[ACUMULADA],61),0)) | Z94: =IF(Y94="","",$B$31-Y94) | AA94: =IF(Y94="","",IF(Y94*1.15<=30,30,IF(Y94*1.15<=45,45,IF(Y94*1.15<=75,75,IF(Y94*1.15<=112.5,112.5,IF(Y94*1.15<=150,150,IF(Y94*1.15<=225,225,300))))))) | AB94: =IF(AA94="","",IFERROR(Y94/AA94,0)) | AC94: =IF(X94="","",IFERROR(INDEX(DIR_ATUAL[QT %],MATCH(X94,DIR_ATUAL[PONTO],0)),0)) | AD94: =IF(Y94="","",IFERROR(1-ABS(Y94-Z94)/$B$31,0)) | AE94: =IF(X94="","",IF($E$9>$E$8,IFERROR((INDEX(GERAL[SNAP],61)-$E$8)/($E$9-$E$8),0),0)) | AF94: =IF(OR(X94="",AG94<>"LADO 2"),"",$L$2*IFERROR(Y94/$B$31,0)+$L$3*IF($D$31>0,IFERROR(AC94/$D$31,0),0)+$L$4*IFERROR(AD94,0)-$L$5*IFERROR(AE94,0)-$L$6*MAX(0,IFERROR(AB94,0)-$L$7)+ROW()/1000000) | AG94: =IFERROR(INDEX(GERAL[LADO],61),"")
M95: =IFERROR(INDEX(GERAL[PONTO],82),"") | N95: =IF(M95="","",IFERROR(INDEX(GERAL[ACUMULADA],82),0)) | O95: =IF(N95="","",$B$11-N95) | P95: =IF(N95="","",IF(N95*1.15<=30,30,IF(N95*1.15<=45,45,IF(N95*1.15<=75,75,IF(N95*1.15<=112.5,112.5,IF(N95*1.15<=150,150,IF(N95*1.15<=225,225,300))))))) | Q95: =IF(P95="","",IFERROR(N95/P95,0)) | R95: =IF(M95="","",IFERROR(INDEX(Tabela7[QT %],MATCH(M95,Tabela7[PONTO],0)),0)) | S95: =IF(N95="","",IFERROR(1-ABS(N95-O95)/$B$11,0)) | T95: =IF(M95="","",IF($B$9>$B$8,IFERROR((INDEX(GERAL[SNAP],82)-$B$8)/($B$9-$B$8),0),0)) | U95: =IF(OR(M95="",V95<>"LADO 1"),"",$L$2*IFERROR(N95/$B$11,0)+$L$3*IF($D$11>0,IFERROR(R95/$D$11,0),0)+$L$4*IFERROR(S95,0)-$L$5*IFERROR(T95,0)-$L$6*MAX(0,IFERROR(Q95,0)-$L$7)+ROW()/1000000) | V95: =IFERROR(INDEX(GERAL[LADO],82),"") | X95: =IFERROR(INDEX(GERAL[PONTO],62),"") | Y95: =IF(X95="","",IFERROR(INDEX(GERAL[ACUMULADA],62),0)) | Z95: =IF(Y95="","",$B$31-Y95) | AA95: =IF(Y95="","",IF(Y95*1.15<=30,30,IF(Y95*1.15<=45,45,IF(Y95*1.15<=75,75,IF(Y95*1.15<=112.5,112.5,IF(Y95*1.15<=150,150,IF(Y95*1.15<=225,225,300))))))) | AB95: =IF(AA95="","",IFERROR(Y95/AA95,0)) | AC95: =IF(X95="","",IFERROR(INDEX(DIR_ATUAL[QT %],MATCH(X95,DIR_ATUAL[PONTO],0)),0)) | AD95: =IF(Y95="","",IFERROR(1-ABS(Y95-Z95)/$B$31,0)) | AE95: =IF(X95="","",IF($E$9>$E$8,IFERROR((INDEX(GERAL[SNAP],62)-$E$8)/($E$9-$E$8),0),0)) | AF95: =IF(OR(X95="",AG95<>"LADO 2"),"",$L$2*IFERROR(Y95/$B$31,0)+$L$3*IF($D$31>0,IFERROR(AC95/$D$31,0),0)+$L$4*IFERROR(AD95,0)-$L$5*IFERROR(AE95,0)-$L$6*MAX(0,IFERROR(AB95,0)-$L$7)+ROW()/1000000) | AG95: =IFERROR(INDEX(GERAL[LADO],62),"")
M96: =IFERROR(INDEX(GERAL[PONTO],83),"") | N96: =IF(M96="","",IFERROR(INDEX(GERAL[ACUMULADA],83),0)) | O96: =IF(N96="","",$B$11-N96) | P96: =IF(N96="","",IF(N96*1.15<=30,30,IF(N96*1.15<=45,45,IF(N96*1.15<=75,75,IF(N96*1.15<=112.5,112.5,IF(N96*1.15<=150,150,IF(N96*1.15<=225,225,300))))))) | Q96: =IF(P96="","",IFERROR(N96/P96,0)) | R96: =IF(M96="","",IFERROR(INDEX(Tabela7[QT %],MATCH(M96,Tabela7[PONTO],0)),0)) | S96: =IF(N96="","",IFERROR(1-ABS(N96-O96)/$B$11,0)) | T96: =IF(M96="","",IF($B$9>$B$8,IFERROR((INDEX(GERAL[SNAP],83)-$B$8)/($B$9-$B$8),0),0)) | U96: =IF(OR(M96="",V96<>"LADO 1"),"",$L$2*IFERROR(N96/$B$11,0)+$L$3*IF($D$11>0,IFERROR(R96/$D$11,0),0)+$L$4*IFERROR(S96,0)-$L$5*IFERROR(T96,0)-$L$6*MAX(0,IFERROR(Q96,0)-$L$7)+ROW()/1000000) | V96: =IFERROR(INDEX(GERAL[LADO],83),"") | X96: =IFERROR(INDEX(GERAL[PONTO],63),"") | Y96: =IF(X96="","",IFERROR(INDEX(GERAL[ACUMULADA],63),0)) | Z96: =IF(Y96="","",$B$31-Y96) | AA96: =IF(Y96="","",IF(Y96*1.15<=30,30,IF(Y96*1.15<=45,45,IF(Y96*1.15<=75,75,IF(Y96*1.15<=112.5,112.5,IF(Y96*1.15<=150,150,IF(Y96*1.15<=225,225,300))))))) | AB96: =IF(AA96="","",IFERROR(Y96/AA96,0)) | AC96: =IF(X96="","",IFERROR(INDEX(DIR_ATUAL[QT %],MATCH(X96,DIR_ATUAL[PONTO],0)),0)) | AD96: =IF(Y96="","",IFERROR(1-ABS(Y96-Z96)/$B$31,0)) | AE96: =IF(X96="","",IF($E$9>$E$8,IFERROR((INDEX(GERAL[SNAP],63)-$E$8)/($E$9-$E$8),0),0)) | AF96: =IF(OR(X96="",AG96<>"LADO 2"),"",$L$2*IFERROR(Y96/$B$31,0)+$L$3*IF($D$31>0,IFERROR(AC96/$D$31,0),0)+$L$4*IFERROR(AD96,0)-$L$5*IFERROR(AE96,0)-$L$6*MAX(0,IFERROR(AB96,0)-$L$7)+ROW()/1000000) | AG96: =IFERROR(INDEX(GERAL[LADO],63),"")
M97: =IFERROR(INDEX(GERAL[PONTO],84),"") | N97: =IF(M97="","",IFERROR(INDEX(GERAL[ACUMULADA],84),0)) | O97: =IF(N97="","",$B$11-N97) | P97: =IF(N97="","",IF(N97*1.15<=30,30,IF(N97*1.15<=45,45,IF(N97*1.15<=75,75,IF(N97*1.15<=112.5,112.5,IF(N97*1.15<=150,150,IF(N97*1.15<=225,225,300))))))) | Q97: =IF(P97="","",IFERROR(N97/P97,0)) | R97: =IF(M97="","",IFERROR(INDEX(Tabela7[QT %],MATCH(M97,Tabela7[PONTO],0)),0)) | S97: =IF(N97="","",IFERROR(1-ABS(N97-O97)/$B$11,0)) | T97: =IF(M97="","",IF($B$9>$B$8,IFERROR((INDEX(GERAL[SNAP],84)-$B$8)/($B$9-$B$8),0),0)) | U97: =IF(OR(M97="",V97<>"LADO 1"),"",$L$2*IFERROR(N97/$B$11,0)+$L$3*IF($D$11>0,IFERROR(R97/$D$11,0),0)+$L$4*IFERROR(S97,0)-$L$5*IFERROR(T97,0)-$L$6*MAX(0,IFERROR(Q97,0)-$L$7)+ROW()/1000000) | V97: =IFERROR(INDEX(GERAL[LADO],84),"") | X97: =IFERROR(INDEX(GERAL[PONTO],64),"") | Y97: =IF(X97="","",IFERROR(INDEX(GERAL[ACUMULADA],64),0)) | Z97: =IF(Y97="","",$B$31-Y97) | AA97: =IF(Y97="","",IF(Y97*1.15<=30,30,IF(Y97*1.15<=45,45,IF(Y97*1.15<=75,75,IF(Y97*1.15<=112.5,112.5,IF(Y97*1.15<=150,150,IF(Y97*1.15<=225,225,300))))))) | AB97: =IF(AA97="","",IFERROR(Y97/AA97,0)) | AC97: =IF(X97="","",IFERROR(INDEX(DIR_ATUAL[QT %],MATCH(X97,DIR_ATUAL[PONTO],0)),0)) | AD97: =IF(Y97="","",IFERROR(1-ABS(Y97-Z97)/$B$31,0)) | AE97: =IF(X97="","",IF($E$9>$E$8,IFERROR((INDEX(GERAL[SNAP],64)-$E$8)/($E$9-$E$8),0),0)) | AF97: =IF(OR(X97="",AG97<>"LADO 2"),"",$L$2*IFERROR(Y97/$B$31,0)+$L$3*IF($D$31>0,IFERROR(AC97/$D$31,0),0)+$L$4*IFERROR(AD97,0)-$L$5*IFERROR(AE97,0)-$L$6*MAX(0,IFERROR(AB97,0)-$L$7)+ROW()/1000000) | AG97: =IFERROR(INDEX(GERAL[LADO],64),"")
M98: =IFERROR(INDEX(GERAL[PONTO],85),"") | N98: =IF(M98="","",IFERROR(INDEX(GERAL[ACUMULADA],85),0)) | O98: =IF(N98="","",$B$11-N98) | P98: =IF(N98="","",IF(N98*1.15<=30,30,IF(N98*1.15<=45,45,IF(N98*1.15<=75,75,IF(N98*1.15<=112.5,112.5,IF(N98*1.15<=150,150,IF(N98*1.15<=225,225,300))))))) | Q98: =IF(P98="","",IFERROR(N98/P98,0)) | R98: =IF(M98="","",IFERROR(INDEX(Tabela7[QT %],MATCH(M98,Tabela7[PONTO],0)),0)) | S98: =IF(N98="","",IFERROR(1-ABS(N98-O98)/$B$11,0)) | T98: =IF(M98="","",IF($B$9>$B$8,IFERROR((INDEX(GERAL[SNAP],85)-$B$8)/($B$9-$B$8),0),0)) | U98: =IF(OR(M98="",V98<>"LADO 1"),"",$L$2*IFERROR(N98/$B$11,0)+$L$3*IF($D$11>0,IFERROR(R98/$D$11,0),0)+$L$4*IFERROR(S98,0)-$L$5*IFERROR(T98,0)-$L$6*MAX(0,IFERROR(Q98,0)-$L$7)+ROW()/1000000) | V98: =IFERROR(INDEX(GERAL[LADO],85),"") | X98: =IFERROR(INDEX(GERAL[PONTO],65),"") | Y98: =IF(X98="","",IFERROR(INDEX(GERAL[ACUMULADA],65),0)) | Z98: =IF(Y98="","",$B$31-Y98) | AA98: =IF(Y98="","",IF(Y98*1.15<=30,30,IF(Y98*1.15<=45,45,IF(Y98*1.15<=75,75,IF(Y98*1.15<=112.5,112.5,IF(Y98*1.15<=150,150,IF(Y98*1.15<=225,225,300))))))) | AB98: =IF(AA98="","",IFERROR(Y98/AA98,0)) | AC98: =IF(X98="","",IFERROR(INDEX(DIR_ATUAL[QT %],MATCH(X98,DIR_ATUAL[PONTO],0)),0)) | AD98: =IF(Y98="","",IFERROR(1-ABS(Y98-Z98)/$B$31,0)) | AE98: =IF(X98="","",IF($E$9>$E$8,IFERROR((INDEX(GERAL[SNAP],65)-$E$8)/($E$9-$E$8),0),0)) | AF98: =IF(OR(X98="",AG98<>"LADO 2"),"",$L$2*IFERROR(Y98/$B$31,0)+$L$3*IF($D$31>0,IFERROR(AC98/$D$31,0),0)+$L$4*IFERROR(AD98,0)-$L$5*IFERROR(AE98,0)-$L$6*MAX(0,IFERROR(AB98,0)-$L$7)+ROW()/1000000) | AG98: =IFERROR(INDEX(GERAL[LADO],65),"")
M99: =IFERROR(INDEX(GERAL[PONTO],86),"") | N99: =IF(M99="","",IFERROR(INDEX(GERAL[ACUMULADA],86),0)) | O99: =IF(N99="","",$B$11-N99) | P99: =IF(N99="","",IF(N99*1.15<=30,30,IF(N99*1.15<=45,45,IF(N99*1.15<=75,75,IF(N99*1.15<=112.5,112.5,IF(N99*1.15<=150,150,IF(N99*1.15<=225,225,300))))))) | Q99: =IF(P99="","",IFERROR(N99/P99,0)) | R99: =IF(M99="","",IFERROR(INDEX(Tabela7[QT %],MATCH(M99,Tabela7[PONTO],0)),0)) | S99: =IF(N99="","",IFERROR(1-ABS(N99-O99)/$B$11,0)) | T99: =IF(M99="","",IF($B$9>$B$8,IFERROR((INDEX(GERAL[SNAP],86)-$B$8)/($B$9-$B$8),0),0)) | U99: =IF(OR(M99="",V99<>"LADO 1"),"",$L$2*IFERROR(N99/$B$11,0)+$L$3*IF($D$11>0,IFERROR(R99/$D$11,0),0)+$L$4*IFERROR(S99,0)-$L$5*IFERROR(T99,0)-$L$6*MAX(0,IFERROR(Q99,0)-$L$7)+ROW()/1000000) | V99: =IFERROR(INDEX(GERAL[LADO],86),"") | X99: =IFERROR(INDEX(GERAL[PONTO],66),"") | Y99: =IF(X99="","",IFERROR(INDEX(GERAL[ACUMULADA],66),0)) | Z99: =IF(Y99="","",$B$31-Y99) | AA99: =IF(Y99="","",IF(Y99*1.15<=30,30,IF(Y99*1.15<=45,45,IF(Y99*1.15<=75,75,IF(Y99*1.15<=112.5,112.5,IF(Y99*1.15<=150,150,IF(Y99*1.15<=225,225,300))))))) | AB99: =IF(AA99="","",IFERROR(Y99/AA99,0)) | AC99: =IF(X99="","",IFERROR(INDEX(DIR_ATUAL[QT %],MATCH(X99,DIR_ATUAL[PONTO],0)),0)) | AD99: =IF(Y99="","",IFERROR(1-ABS(Y99-Z99)/$B$31,0)) | AE99: =IF(X99="","",IF($E$9>$E$8,IFERROR((INDEX(GERAL[SNAP],66)-$E$8)/($E$9-$E$8),0),0)) | AF99: =IF(OR(X99="",AG99<>"LADO 2"),"",$L$2*IFERROR(Y99/$B$31,0)+$L$3*IF($D$31>0,IFERROR(AC99/$D$31,0),0)+$L$4*IFERROR(AD99,0)-$L$5*IFERROR(AE99,0)-$L$6*MAX(0,IFERROR(AB99,0)-$L$7)+ROW()/1000000) | AG99: =IFERROR(INDEX(GERAL[LADO],66),"")
M100: =IFERROR(INDEX(GERAL[PONTO],87),"") | N100: =IF(M100="","",IFERROR(INDEX(GERAL[ACUMULADA],87),0)) | O100: =IF(N100="","",$B$11-N100) | P100: =IF(N100="","",IF(N100*1.15<=30,30,IF(N100*1.15<=45,45,IF(N100*1.15<=75,75,IF(N100*1.15<=112.5,112.5,IF(N100*1.15<=150,150,IF(N100*1.15<=225,225,300))))))) | Q100: =IF(P100="","",IFERROR(N100/P100,0)) | R100: =IF(M100="","",IFERROR(INDEX(Tabela7[QT %],MATCH(M100,Tabela7[PONTO],0)),0)) | S100: =IF(N100="","",IFERROR(1-ABS(N100-O100)/$B$11,0)) | T100: =IF(M100="","",IF($B$9>$B$8,IFERROR((INDEX(GERAL[SNAP],87)-$B$8)/($B$9-$B$8),0),0)) | U100: =IF(OR(M100="",V100<>"LADO 1"),"",$L$2*IFERROR(N100/$B$11,0)+$L$3*IF($D$11>0,IFERROR(R100/$D$11,0),0)+$L$4*IFERROR(S100,0)-$L$5*IFERROR(T100,0)-$L$6*MAX(0,IFERROR(Q100,0)-$L$7)+ROW()/1000000) | V100: =IFERROR(INDEX(GERAL[LADO],87),"") | X100: =IFERROR(INDEX(GERAL[PONTO],67),"") | Y100: =IF(X100="","",IFERROR(INDEX(GERAL[ACUMULADA],67),0)) | Z100: =IF(Y100="","",$B$31-Y100) | AA100: =IF(Y100="","",IF(Y100*1.15<=30,30,IF(Y100*1.15<=45,45,IF(Y100*1.15<=75,75,IF(Y100*1.15<=112.5,112.5,IF(Y100*1.15<=150,150,IF(Y100*1.15<=225,225,300))))))) | AB100: =IF(AA100="","",IFERROR(Y100/AA100,0)) | AC100: =IF(X100="","",IFERROR(INDEX(DIR_ATUAL[QT %],MATCH(X100,DIR_ATUAL[PONTO],0)),0)) | AD100: =IF(Y100="","",IFERROR(1-ABS(Y100-Z100)/$B$31,0)) | AE100: =IF(X100="","",IF($E$9>$E$8,IFERROR((INDEX(GERAL[SNAP],67)-$E$8)/($E$9-$E$8),0),0)) | AF100: =IF(OR(X100="",AG100<>"LADO 2"),"",$L$2*IFERROR(Y100/$B$31,0)+$L$3*IF($D$31>0,IFERROR(AC100/$D$31,0),0)+$L$4*IFERROR(AD100,0)-$L$5*IFERROR(AE100,0)-$L$6*MAX(0,IFERROR(AB100,0)-$L$7)+ROW()/1000000) | AG100: =IFERROR(INDEX(GERAL[LADO],67),"")
M101: =IFERROR(INDEX(GERAL[PONTO],88),"") | N101: =IF(M101="","",IFERROR(INDEX(GERAL[ACUMULADA],88),0)) | O101: =IF(N101="","",$B$11-N101) | P101: =IF(N101="","",IF(N101*1.15<=30,30,IF(N101*1.15<=45,45,IF(N101*1.15<=75,75,IF(N101*1.15<=112.5,112.5,IF(N101*1.15<=150,150,IF(N101*1.15<=225,225,300))))))) | Q101: =IF(P101="","",IFERROR(N101/P101,0)) | R101: =IF(M101="","",IFERROR(INDEX(Tabela7[QT %],MATCH(M101,Tabela7[PONTO],0)),0)) | S101: =IF(N101="","",IFERROR(1-ABS(N101-O101)/$B$11,0)) | T101: =IF(M101="","",IF($B$9>$B$8,IFERROR((INDEX(GERAL[SNAP],88)-$B$8)/($B$9-$B$8),0),0)) | U101: =IF(OR(M101="",V101<>"LADO 1"),"",$L$2*IFERROR(N101/$B$11,0)+$L$3*IF($D$11>0,IFERROR(R101/$D$11,0),0)+$L$4*IFERROR(S101,0)-$L$5*IFERROR(T101,0)-$L$6*MAX(0,IFERROR(Q101,0)-$L$7)+ROW()/1000000) | V101: =IFERROR(INDEX(GERAL[LADO],88),"") | X101: =IFERROR(INDEX(GERAL[PONTO],68),"") | Y101: =IF(X101="","",IFERROR(INDEX(GERAL[ACUMULADA],68),0)) | Z101: =IF(Y101="","",$B$31-Y101) | AA101: =IF(Y101="","",IF(Y101*1.15<=30,30,IF(Y101*1.15<=45,45,IF(Y101*1.15<=75,75,IF(Y101*1.15<=112.5,112.5,IF(Y101*1.15<=150,150,IF(Y101*1.15<=225,225,300))))))) | AB101: =IF(AA101="","",IFERROR(Y101/AA101,0)) | AC101: =IF(X101="","",IFERROR(INDEX(DIR_ATUAL[QT %],MATCH(X101,DIR_ATUAL[PONTO],0)),0)) | AD101: =IF(Y101="","",IFERROR(1-ABS(Y101-Z101)/$B$31,0)) | AE101: =IF(X101="","",IF($E$9>$E$8,IFERROR((INDEX(GERAL[SNAP],68)-$E$8)/($E$9-$E$8),0),0)) | AF101: =IF(OR(X101="",AG101<>"LADO 2"),"",$L$2*IFERROR(Y101/$B$31,0)+$L$3*IF($D$31>0,IFERROR(AC101/$D$31,0),0)+$L$4*IFERROR(AD101,0)-$L$5*IFERROR(AE101,0)-$L$6*MAX(0,IFERROR(AB101,0)-$L$7)+ROW()/1000000) | AG101: =IFERROR(INDEX(GERAL[LADO],68),"")
M102: =IFERROR(INDEX(GERAL[PONTO],89),"") | N102: =IF(M102="","",IFERROR(INDEX(GERAL[ACUMULADA],89),0)) | O102: =IF(N102="","",$B$11-N102) | P102: =IF(N102="","",IF(N102*1.15<=30,30,IF(N102*1.15<=45,45,IF(N102*1.15<=75,75,IF(N102*1.15<=112.5,112.5,IF(N102*1.15<=150,150,IF(N102*1.15<=225,225,300))))))) | Q102: =IF(P102="","",IFERROR(N102/P102,0)) | R102: =IF(M102="","",IFERROR(INDEX(Tabela7[QT %],MATCH(M102,Tabela7[PONTO],0)),0)) | S102: =IF(N102="","",IFERROR(1-ABS(N102-O102)/$B$11,0)) | T102: =IF(M102="","",IF($B$9>$B$8,IFERROR((INDEX(GERAL[SNAP],89)-$B$8)/($B$9-$B$8),0),0)) | U102: =IF(OR(M102="",V102<>"LADO 1"),"",$L$2*IFERROR(N102/$B$11,0)+$L$3*IF($D$11>0,IFERROR(R102/$D$11,0),0)+$L$4*IFERROR(S102,0)-$L$5*IFERROR(T102,0)-$L$6*MAX(0,IFERROR(Q102,0)-$L$7)+ROW()/1000000) | V102: =IFERROR(INDEX(GERAL[LADO],89),"") | X102: =IFERROR(INDEX(GERAL[PONTO],69),"") | Y102: =IF(X102="","",IFERROR(INDEX(GERAL[ACUMULADA],69),0)) | Z102: =IF(Y102="","",$B$31-Y102) | AA102: =IF(Y102="","",IF(Y102*1.15<=30,30,IF(Y102*1.15<=45,45,IF(Y102*1.15<=75,75,IF(Y102*1.15<=112.5,112.5,IF(Y102*1.15<=150,150,IF(Y102*1.15<=225,225,300))))))) | AB102: =IF(AA102="","",IFERROR(Y102/AA102,0)) | AC102: =IF(X102="","",IFERROR(INDEX(DIR_ATUAL[QT %],MATCH(X102,DIR_ATUAL[PONTO],0)),0)) | AD102: =IF(Y102="","",IFERROR(1-ABS(Y102-Z102)/$B$31,0)) | AE102: =IF(X102="","",IF($E$9>$E$8,IFERROR((INDEX(GERAL[SNAP],69)-$E$8)/($E$9-$E$8),0),0)) | AF102: =IF(OR(X102="",AG102<>"LADO 2"),"",$L$2*IFERROR(Y102/$B$31,0)+$L$3*IF($D$31>0,IFERROR(AC102/$D$31,0),0)+$L$4*IFERROR(AD102,0)-$L$5*IFERROR(AE102,0)-$L$6*MAX(0,IFERROR(AB102,0)-$L$7)+ROW()/1000000) | AG102: =IFERROR(INDEX(GERAL[LADO],69),"")
M103: =IFERROR(INDEX(GERAL[PONTO],90),"") | N103: =IF(M103="","",IFERROR(INDEX(GERAL[ACUMULADA],90),0)) | O103: =IF(N103="","",$B$11-N103) | P103: =IF(N103="","",IF(N103*1.15<=30,30,IF(N103*1.15<=45,45,IF(N103*1.15<=75,75,IF(N103*1.15<=112.5,112.5,IF(N103*1.15<=150,150,IF(N103*1.15<=225,225,300))))))) | Q103: =IF(P103="","",IFERROR(N103/P103,0)) | R103: =IF(M103="","",IFERROR(INDEX(Tabela7[QT %],MATCH(M103,Tabela7[PONTO],0)),0)) | S103: =IF(N103="","",IFERROR(1-ABS(N103-O103)/$B$11,0)) | T103: =IF(M103="","",IF($B$9>$B$8,IFERROR((INDEX(GERAL[SNAP],90)-$B$8)/($B$9-$B$8),0),0)) | U103: =IF(OR(M103="",V103<>"LADO 1"),"",$L$2*IFERROR(N103/$B$11,0)+$L$3*IF($D$11>0,IFERROR(R103/$D$11,0),0)+$L$4*IFERROR(S103,0)-$L$5*IFERROR(T103,0)-$L$6*MAX(0,IFERROR(Q103,0)-$L$7)+ROW()/1000000) | V103: =IFERROR(INDEX(GERAL[LADO],90),"") | X103: =IFERROR(INDEX(GERAL[PONTO],70),"") | Y103: =IF(X103="","",IFERROR(INDEX(GERAL[ACUMULADA],70),0)) | Z103: =IF(Y103="","",$B$31-Y103) | AA103: =IF(Y103="","",IF(Y103*1.15<=30,30,IF(Y103*1.15<=45,45,IF(Y103*1.15<=75,75,IF(Y103*1.15<=112.5,112.5,IF(Y103*1.15<=150,150,IF(Y103*1.15<=225,225,300))))))) | AB103: =IF(AA103="","",IFERROR(Y103/AA103,0)) | AC103: =IF(X103="","",IFERROR(INDEX(DIR_ATUAL[QT %],MATCH(X103,DIR_ATUAL[PONTO],0)),0)) | AD103: =IF(Y103="","",IFERROR(1-ABS(Y103-Z103)/$B$31,0)) | AE103: =IF(X103="","",IF($E$9>$E$8,IFERROR((INDEX(GERAL[SNAP],70)-$E$8)/($E$9-$E$8),0),0)) | AF103: =IF(OR(X103="",AG103<>"LADO 2"),"",$L$2*IFERROR(Y103/$B$31,0)+$L$3*IF($D$31>0,IFERROR(AC103/$D$31,0),0)+$L$4*IFERROR(AD103,0)-$L$5*IFERROR(AE103,0)-$L$6*MAX(0,IFERROR(AB103,0)-$L$7)+ROW()/1000000) | AG103: =IFERROR(INDEX(GERAL[LADO],70),"")
M104: =IFERROR(INDEX(GERAL[PONTO],91),"") | N104: =IF(M104="","",IFERROR(INDEX(GERAL[ACUMULADA],91),0)) | O104: =IF(N104="","",$B$11-N104) | P104: =IF(N104="","",IF(N104*1.15<=30,30,IF(N104*1.15<=45,45,IF(N104*1.15<=75,75,IF(N104*1.15<=112.5,112.5,IF(N104*1.15<=150,150,IF(N104*1.15<=225,225,300))))))) | Q104: =IF(P104="","",IFERROR(N104/P104,0)) | R104: =IF(M104="","",IFERROR(INDEX(Tabela7[QT %],MATCH(M104,Tabela7[PONTO],0)),0)) | S104: =IF(N104="","",IFERROR(1-ABS(N104-O104)/$B$11,0)) | T104: =IF(M104="","",IF($B$9>$B$8,IFERROR((INDEX(GERAL[SNAP],91)-$B$8)/($B$9-$B$8),0),0)) | U104: =IF(OR(M104="",V104<>"LADO 1"),"",$L$2*IFERROR(N104/$B$11,0)+$L$3*IF($D$11>0,IFERROR(R104/$D$11,0),0)+$L$4*IFERROR(S104,0)-$L$5*IFERROR(T104,0)-$L$6*MAX(0,IFERROR(Q104,0)-$L$7)+ROW()/1000000) | V104: =IFERROR(INDEX(GERAL[LADO],91),"") | X104: =IFERROR(INDEX(GERAL[PONTO],71),"") | Y104: =IF(X104="","",IFERROR(INDEX(GERAL[ACUMULADA],71),0)) | Z104: =IF(Y104="","",$B$31-Y104) | AA104: =IF(Y104="","",IF(Y104*1.15<=30,30,IF(Y104*1.15<=45,45,IF(Y104*1.15<=75,75,IF(Y104*1.15<=112.5,112.5,IF(Y104*1.15<=150,150,IF(Y104*1.15<=225,225,300))))))) | AB104: =IF(AA104="","",IFERROR(Y104/AA104,0)) | AC104: =IF(X104="","",IFERROR(INDEX(DIR_ATUAL[QT %],MATCH(X104,DIR_ATUAL[PONTO],0)),0)) | AD104: =IF(Y104="","",IFERROR(1-ABS(Y104-Z104)/$B$31,0)) | AE104: =IF(X104="","",IF($E$9>$E$8,IFERROR((INDEX(GERAL[SNAP],71)-$E$8)/($E$9-$E$8),0),0)) | AF104: =IF(OR(X104="",AG104<>"LADO 2"),"",$L$2*IFERROR(Y104/$B$31,0)+$L$3*IF($D$31>0,IFERROR(AC104/$D$31,0),0)+$L$4*IFERROR(AD104,0)-$L$5*IFERROR(AE104,0)-$L$6*MAX(0,IFERROR(AB104,0)-$L$7)+ROW()/1000000) | AG104: =IFERROR(INDEX(GERAL[LADO],71),"")
M105: =IFERROR(INDEX(GERAL[PONTO],92),"") | N105: =IF(M105="","",IFERROR(INDEX(GERAL[ACUMULADA],92),0)) | O105: =IF(N105="","",$B$11-N105) | P105: =IF(N105="","",IF(N105*1.15<=30,30,IF(N105*1.15<=45,45,IF(N105*1.15<=75,75,IF(N105*1.15<=112.5,112.5,IF(N105*1.15<=150,150,IF(N105*1.15<=225,225,300))))))) | Q105: =IF(P105="","",IFERROR(N105/P105,0)) | R105: =IF(M105="","",IFERROR(INDEX(Tabela7[QT %],MATCH(M105,Tabela7[PONTO],0)),0)) | S105: =IF(N105="","",IFERROR(1-ABS(N105-O105)/$B$11,0)) | T105: =IF(M105="","",IF($B$9>$B$8,IFERROR((INDEX(GERAL[SNAP],92)-$B$8)/($B$9-$B$8),0),0)) | U105: =IF(OR(M105="",V105<>"LADO 1"),"",$L$2*IFERROR(N105/$B$11,0)+$L$3*IF($D$11>0,IFERROR(R105/$D$11,0),0)+$L$4*IFERROR(S105,0)-$L$5*IFERROR(T105,0)-$L$6*MAX(0,IFERROR(Q105,0)-$L$7)+ROW()/1000000) | V105: =IFERROR(INDEX(GERAL[LADO],92),"") | X105: =IFERROR(INDEX(GERAL[PONTO],72),"") | Y105: =IF(X105="","",IFERROR(INDEX(GERAL[ACUMULADA],72),0)) | Z105: =IF(Y105="","",$B$31-Y105) | AA105: =IF(Y105="","",IF(Y105*1.15<=30,30,IF(Y105*1.15<=45,45,IF(Y105*1.15<=75,75,IF(Y105*1.15<=112.5,112.5,IF(Y105*1.15<=150,150,IF(Y105*1.15<=225,225,300))))))) | AB105: =IF(AA105="","",IFERROR(Y105/AA105,0)) | AC105: =IF(X105="","",IFERROR(INDEX(DIR_ATUAL[QT %],MATCH(X105,DIR_ATUAL[PONTO],0)),0)) | AD105: =IF(Y105="","",IFERROR(1-ABS(Y105-Z105)/$B$31,0)) | AE105: =IF(X105="","",IF($E$9>$E$8,IFERROR((INDEX(GERAL[SNAP],72)-$E$8)/($E$9-$E$8),0),0)) | AF105: =IF(OR(X105="",AG105<>"LADO 2"),"",$L$2*IFERROR(Y105/$B$31,0)+$L$3*IF($D$31>0,IFERROR(AC105/$D$31,0),0)+$L$4*IFERROR(AD105,0)-$L$5*IFERROR(AE105,0)-$L$6*MAX(0,IFERROR(AB105,0)-$L$7)+ROW()/1000000) | AG105: =IFERROR(INDEX(GERAL[LADO],72),"")
